x,y,Left_PWM,Right_PWM,dt,X_Velocity_m_s_,Y_Velocity_m_s_,X_Accel_m_s2_,Y_Accel_m_s2_
0.5243928623657252,0.5262278504091707,-0.4999969481490524,0.0,0.3437604907376324,0.9094652410625073,0.2323412884107016,-31.275681770241953,30.11517117916773
0.5245826593829157,0.5263756218146305,-0.4999969481490524,0.0,0.3437604907376324,0.8987138973490149,0.24269369443390007,-31.275681770241953,30.11517117916773
0.5248496963408307,0.5264900662251655,-0.4999969481490524,0.0,0.3437604907376324,0.8879625536355223,0.25304610045709863,-31.275681770241953,30.11517117916773
0.5253074739829706,0.5263756218146305,-0.4999969481490524,0.0,0.3437604907376324,0.8772112099220299,0.26339850648029706,-31.275681770241953,30.11517117916773
0.5256126590777306,0.5266045106357005,-0.4999969481490524,0.0,0.3437604907376324,0.8664598662085375,0.2737509125034956,-31.275681770241953,30.11517117916773
0.5258033997619556,0.5268333994567704,-0.4999969481490524,0.0,0.3437604907376324,0.8557085224950451,0.28410331852669407,-31.275681770241953,30.11517117916773
0.5262611774040955,0.5267571031830804,0.0,0.4999969481490525,0.3437604907376324,0.8449571787815527,0.2944557245498926,-31.275681770241953,30.11517117916773
0.5266045106357005,0.5269478438673054,0.0,0.4999969481490525,0.3593859675893429,0.833717137626538,0.3052786944832366,-31.275681770241953,30.11517117916773
0.5269096957304604,0.5271004364146854,0.0,0.4999969481490525,0.3437604907376324,0.8229657939130456,0.31563110050643506,-31.275681770241953,30.11517117916773
0.5270622882778404,0.5273674733726004,0.0,0.4999969481490525,0.3437604907376324,0.8122144501995531,0.3259835065296336,-31.275681770241953,30.11517117916773
0.5274437696462904,0.5273674733726004,0.0,0.4999969481490525,0.3437604907376324,0.8014631064860606,0.33633591255283213,-31.275681770241953,30.11517117916773
0.5279778435621203,0.5272148808252204,0.0,0.4999969481490525,0.3593859675893429,0.7902230653310458,0.34715888248617605,-31.275681770241953,30.11517117916773
0.5279396954252753,0.5277489547410503,0.0,0.4999969481490525,0.3437604907376324,0.7794717216175534,0.3575112885093746,-31.275681770241953,30.11517117916773
0.5282448805200353,0.5277489547410503,0.0,0.4999969481490525,0.3281350138859218,0.7692090753455834,0.3673931306224276,-31.275681770241953,30.11517117916773
0.5288171025727104,0.5274056215094454,0.0,0.4999969481490525,0.3437604907376324,0.758457731632091,0.3777455366456261,-31.275681770241953,30.11517117916773
0.5288171025727104,0.5278252510147403,0.0,0.4999969481490525,0.3593859675893429,0.7472176904770762,0.38856850657897,-31.275681770241953,30.11517117916773
0.5289315469832454,0.5281304361095003,0.0,0.4999969481490525,0.3437604907376324,0.7364663467635838,0.39892091260216855,-31.275681770241953,30.11517117916773
0.5295800653096103,0.5276345103305153,0.0,0.4999969481490525,0.3437604907376324,0.7257150030500913,0.4092733186253671,-31.275681770241953,30.11517117916773
0.5295800653096103,0.5278252510147403,0.0,0.4999969481490525,0.3437604907376324,0.7149636593365989,,-31.275681770241953,
0.5295037690359203,0.5283211767937253,0.0,0.4999969481490525,0.3437604907376324,0.7042123156231065,,-31.275681770241953,
0.5301522873622853,0.5279015472884303,0.0,0.4999969481490525,0.3281350138859218,0.6939496693511364,,-31.275681770241953,
0.5303811761833552,0.5278252510147403,0.0,0.4999969481490525,0.3437604907376324,0.683198325637644,,-31.275681770241953,
0.5301141392254403,0.5283593249305703,0.0,0.4999969481490525,0.3437604907376324,0.6724469819241515,,-31.275681770241953,
0.5306100650044252,0.5281685842463453,0.0,0.4999969481490525,0.3437604907376324,0.6616956382106591,,-31.275681770241953,
0.5310678426465651,0.5278252510147403,0.0,0.4999969481490525,0.3593859675893429,0.6504555970556443,,-31.275681770241953,
0.5307626575518052,0.5283593249305703,0.0,0.4999969481490525,0.3437604907376324,0.6397042533421519,,-31.275681770241953,
0.5311441389202551,0.5283211767937253,0.0,0.4999969481490525,0.3437604907376324,0.6289529096286595,,-31.275681770241953,
0.5317163609729301,0.5279015472884303,0.0,0.4999969481490525,0.3593859675893429,0.6177128684736447,,-31.275681770241953,
0.5314111758781701,0.5282830286568803,0.0,0.4999969481490525,0.3593859675893429,0.60647282731863,,-31.275681770241953,
0.5316782128360851,0.5283593249305703,0.0,0.4999969481490525,0.3437604907376324,0.5957214836051375,,-31.275681770241953,
0.53232673116245,0.5279015472884303,-0.2499984740745262,0.2499984740745262,0.3437604907376324,0.5849701398916451,,-31.275681770241953,
0.53217413861507,0.5280541398358103,-0.2499984740745262,0.2499984740745262,0.3437604907376324,0.5742187961781526,,-31.275681770241953,
0.53225043488876,0.5282067323831903,-0.2499984740745262,0.2499984740745262,0.3437604907376324,0.5634674524646601,,-31.275681770241953,
0.532746360667745,0.5279778435621203,-0.2499984740745262,0.2499984740745262,0.3593859675893429,0.5522274113096454,,-31.275681770241953,
0.5329752494888149,0.5278252510147403,-0.2499984740745262,0.2499984740745262,0.3281350138859218,0.5419647650376753,,-31.275681770241953,
0.5329752494888149,0.5279015472884303,-0.2499984740745262,0.2499984740745262,0.3437604907376324,0.5312134213241829,,-31.275681770241953,
0.5332422864467299,0.5278252510147403,-0.2499984740745262,0.2499984740745262,0.3437604907376324,0.5204620776106905,,-31.275681770241953,
0.5335093234046449,0.5276345103305153,-0.2499984740745262,0.2499984740745262,0.3593859675893429,0.5092220364556758,,-31.275681770241953,
0.5335474715414898,0.5277108066042053,-0.2499984740745262,0.2499984740745262,0.3437604907376324,0.49847069274218336,,-31.275681770241953,
0.5338145084994048,0.5276726584673603,-0.2499984740745262,0.2499984740745262,0.3281350138859218,0.4882080464702132,,-31.275681770241953,
0.5340815454573198,0.5275200659199804,-0.2499984740745262,0.2499984740745262,0.3593859675893429,0.47696800531519845,,-31.275681770241953,
0.5341196935941648,0.5275582140568253,-0.2499984740745262,0.2499984740745262,0.3593859675893429,0.4657279641601836,,-31.275681770241953,
0.5343485824152348,0.5275200659199804,-0.2499984740745262,0.2499984740745262,0.3437604907376324,0.4549766204466912,,-31.275681770241953,
0.5346537675099947,0.5274056215094454,-0.2499984740745262,0.2499984740745262,0.3593859675893429,0.4437365792916764,,-31.275681770241953,
0.5346919156468397,0.5274056215094454,-0.2499984740745262,0.2499984740745262,0.3281350138859218,0.4334739330197065,,-31.275681770241953,
0.5348445081942197,0.5274056215094454,-0.2499984740745262,0.2499984740745262,0.3750114444410535,0.42174519442316927,,-31.275681770241953,
0.5350733970152897,0.5272530289620654,-0.2499984740745262,0.2499984740745262,0.3437604907376324,,,,
0.5351496932889797,0.5272148808252204,-0.2499984740745262,0.2499984740745262,0.3437604907376324,,,,
0.5352641376995146,0.5272148808252204,-0.2499984740745262,0.2499984740745262,0.3437604907376324,,,,
0.5355311746574296,0.5271004364146854,-0.2499984740745262,0.2499984740745262,0.3437604907376324,,,,
0.5356456190679646,0.5270241401409954,-0.2499984740745262,0.2499984740745262,0.3593859675893429,,,,
0.5356837672048096,0.5270622882778404,-0.2499984740745262,0.2499984740745262,0.3593859675893429,,,,
0.5359508041627246,0.5269096957304604,-0.2499984740745262,0.2499984740745262,0.3281350138859218,,,,
0.5360652485732595,0.5269096957304604,-0.2499984740745262,0.2499984740745262,0.3437604907376324,,,,
0.5360652485732595,0.5269096957304604,-0.2499984740745262,0.2499984740745262,0.3437604907376324,,,,
0.5362941373943295,0.5268333994567704,-0.2499984740745262,0.2499984740745262,0.3593859675893429,,,,
0.5364848780785545,0.5267952513199254,-0.2499984740745262,0.2499984740745262,0.3437604907376324,,,,
0.5364467299417095,0.5268333994567704,-0.2499984740745262,0.2499984740745262,0.3437604907376324,,,,
0.5365611743522445,0.5267952513199254,-0.2499984740745262,0.2499984740745262,0.3593859675893429,,,,
0.5367900631733145,0.5266808069093905,-0.2499984740745262,0.2499984740745262,0.3593859675893429,,,,
0.5367900631733145,0.5267952513199254,-0.2499984740745262,0.2499984740745262,0.3281350138859218,,,,
0.5368663594470044,0.5267952513199254,-0.2499984740745262,0.2499984740745262,0.3437604907376324,,,,
0.5370189519943844,0.5267189550462354,-0.2499984740745262,0.2499984740745262,0.3750114444410535,,,,
0.5370571001312294,0.5267571031830804,-0.2499984740745262,0.2499984740745262,0.3437604907376324,,,,
0.5371333964049194,0.5267571031830804,-0.2499984740745262,0.2499984740745262,0.390636921292764,,,,
0.5372859889522994,0.5266808069093905,-0.2499984740745262,0.2499984740745262,0.4843897824030274,,,,
0.5372859889522994,0.5267189550462354,-0.2499984740745262,0.2499984740745262,0.4687643055513169,,,,
0.5375148777733694,0.5266045106357005,0.4999969481490525,0.0,0.5624866481521043,,,,
0.5375148777733694,0.5266045106357005,0.4999969481490525,0.0,0.3281350138859218,,,,
0.5376293221839044,0.5266808069093905,0.4999969481490525,0.0,0.3593859675893429,,,,
0.5377056184575943,0.5265282143620105,0.4999969481490525,0.0,0.3437604907376324,,,,
0.5378200628681293,0.5264900662251655,0.4999969481490525,0.0,0.3437604907376324,,,,
0.5380108035523543,0.5264900662251655,0.4999969481490525,0.0,0.3593859675893429,,,,
0.5380870998260443,0.5264137699514755,0.4999969481490525,0.0,0.3437604907376324,,,,
0.5382015442365793,0.5263756218146305,0.4999969481490525,0.0,0.3281350138859218,,,,
0.5384685811944945,0.5262993255409405,0.4999969481490525,0.0,0.3750114444410535,,,,
0.5385830256050295,0.5262993255409405,0.4999969481490525,0.0,0.3281350138859218,,,,
0.5386974700155645,0.5261848811304055,0.4999969481490525,0.0,0.3593859675893429,,,,
0.5389645069734794,0.5260704367198705,0.4999969481490525,0.0,0.3281350138859218,,,,
0.5391552476577044,0.5260322885830255,0.4999969481490525,0.0,0.3593859675893429,,,,
0.5392315439313944,0.5259178441724905,0.4999969481490525,0.0,0.3593859675893429,,,,
0.5394604327524644,0.5258415478988006,0.4999969481490525,0.0,0.3281350138859218,,,,
0.5396511734366893,0.5257652516251106,0.4999969481490525,0.0,0.3437604907376324,,,,
0.5396511734366893,0.5257271034882656,0.4999969481490525,0.0,0.3593859675893429,,,,
0.5398800622577593,0.5255745109408856,0.4999969481490525,0.0,0.3281350138859218,,,,
0.5400326548051393,0.5254600665303506,0.4999969481490525,0.0,0.3437604907376324,,,,
0.5400708029419843,0.5254600665303506,0.4999969481490525,0.0,0.3437604907376324,,,,
0.5401470992156743,0.5252693258461256,0.4999969481490525,0.0,0.3437604907376324,,,,
0.5403759880367442,0.5251167332987456,0.4999969481490525,0.0,0.3593859675893429,,,,
0.5403759880367442,0.5250785851619006,0.4999969481490525,0.0,0.3437604907376324,,,,
0.5404522843104342,0.5249259926145207,0.4999969481490525,0.0,0.3437604907376324,,,,
0.5406811731315042,0.5246971037934507,0.4999969481490525,0.0,0.3593859675893429,,,,
0.5407193212683492,0.5246971037934507,0.4999969481490525,0.0,0.3437604907376324,,,,
0.5407574694051942,0.5244682149723807,0.4999969481490525,0.0,0.3437604907376324,,,,
0.5409482100894192,0.5242393261513107,0.4999969481490525,0.0,0.3593859675893429,,,,
0.5410245063631092,0.5241630298776208,0.4999969481490525,0.0,0.3281350138859218,,,,
0.5409863582262642,0.5239722891933958,0.4999969481490525,0.0,0.3593859675893429,,,,
0.5411389507736442,0.5236671040986358,0.4999969481490525,0.0,0.3593859675893429,,,,
0.5412533951841791,0.5235526596881008,0.4999969481490525,0.0,0.3281350138859218,,,,
0.5411770989104892,0.5234382152775658,0.4999969481490525,0.0,0.3593859675893429,,,,
0.5413296914578691,0.5230948820459609,0.4999969481490525,0.0,0.3437604907376324,,,,
0.5414441358684041,0.5229422894985809,0.4999969481490525,0.0,0.3437604907376324,,,,
0.5414441358684041,0.5228278450880459,0.4999969481490525,0.0,0.3593859675893429,,,,
0.5415204321420941,0.522484511856441,0.4999969481490525,0.0,0.3281350138859218,,,,
0.5417111728263191,0.522255623035371,0.4999969481490525,0.0,0.3593859675893429,,,,
0.5417493209631641,0.522217474898526,0.4999969481490525,0.0,0.3593859675893429,,,,
0.5417874691000091,0.521912289803766,0.4999969481490525,0.0,0.3437604907376324,,,,
0.5420163579210793,0.5216452528458511,0.4999969481490525,0.0,0.3437604907376324,,,,
0.5421689504684593,0.5214926602984711,0.4999969481490525,0.0,0.3281350138859218,,,,
0.5422833948789942,0.5212637714774011,0.4999969481490525,0.0,0.3593859675893429,,,,
0.5425122837000642,0.5209585863826411,0.4999969481490525,0.0,0.3437604907376324,,,,
0.5427030243842892,0.5208059938352612,0.4999969481490525,0.0,0.3437604907376324,,,,
0.5428937650685142,0.5205771050141912,0.4999969481490525,0.0,0.3437604907376324,,,,
0.5431226538895841,0.5201956236457412,0.4999969481490525,0.0,0.3593859675893429,,,,
0.5433515427106541,0.5200811792352062,0.4999969481490525,0.0,0.3281350138859218,,,,
0.5435804315317241,0.5198141422772913,0.4999969481490525,0.0,0.3593859675893429,,,,
0.5438093203527941,0.5194708090456863,0.4999969481490525,0.0,0.3281350138859218,,,,
0.544000061037019,0.5192037720877714,0.4999969481490525,0.0,0.3593859675893429,,,,
0.544228949858089,0.5190130314035464,0.4999969481490525,0.0,0.3281350138859218,,,,
0.544457838679159,0.5187078463087864,0.4999969481490525,0.0,0.3437604907376324,,,,
0.544648579363384,0.5184408093508712,0.4999969481490525,0.0,0.3593859675893429,,,,
0.5448393200476089,0.5182119205298013,0.4999969481490525,0.0,0.3437604907376324,,,,
0.5450682088686789,0.5179067354350413,0.4999969481490525,0.0,0.3593859675893429,,,,
0.5452589495529039,0.5176396984771263,0.4999969481490525,0.0,0.3437604907376324,,,,
0.5454496902371289,0.5173726615192114,0.4999969481490525,0.0,0.3437604907376324,,,,
0.5456404309213538,0.5170674764244514,0.4999969481490525,0.0,0.3281350138859218,,,,
0.5457930234687338,0.5167622913296914,0.4999969481490525,0.0,0.3750114444410535,,,,
0.5459837641529588,0.5165334025086215,0.4999969481490525,0.0,0.3437604907376324,,,,
0.5461745048371838,0.5162282174138615,0.4999969481490525,0.0,0.3437604907376324,,,,
0.5462889492477188,0.5159230323191015,0.4999969481490525,0.0,0.3437604907376324,,,,
0.5464796899319437,0.5156559953611866,0.4999969481490525,0.0,0.3437604907376324,,,,
0.5466704306161687,0.5153508102664266,0.4999969481490525,0.0,0.3593859675893429,,,,
0.5468230231635487,0.5150837733085116,0.4999969481490525,0.0,0.3281350138859218,,,,
0.5470137638477737,0.5147785882137517,0.4999969481490525,0.0,0.3593859675893429,,,,
0.5472426526688436,0.5144352549821467,0.4999969481490525,0.0,0.3437604907376324,,,,
0.5473952452162236,0.5140919217505417,0.4999969481490525,0.0,0.3593859675893429,,,,
0.5475478377636036,0.5138248847926268,0.4999969481490525,0.0,0.3281350138859218,,,,
0.5478148747215186,0.5134815515610218,0.4999969481490525,0.0,0.3593859675893429,,,,
0.5480437635425885,0.5131000701925719,0.4999969481490525,0.0,0.3281350138859218,,,,
0.5481200598162785,0.5128330332346569,0.4999969481490525,0.0,0.3593859675893429,,,,
0.5484252449110385,0.5124897000030517,0.4999969481490525,0.0,0.3593859675893429,,,,
0.5487304300057985,0.5121082186346018,0.4999969481490525,0.0,0.3281350138859218,,,,
0.5488448744163335,0.5118030335398418,0.4999969481490525,0.0,0.3593859675893429,,,,
0.5491119113742484,0.5114978484450818,0.4999969481490525,0.0,0.3593859675893429,,,,
0.5494170964690084,0.5110782189397869,0.4999969481490525,0.0,0.3437604907376324,,,,
0.5495696890163884,0.5108111819818719,0.4999969481490525,0.0,0.3437604907376324,,,,
0.5497985778374583,0.510505996887112,0.4999969481490525,0.0,0.3437604907376324,,,,
0.5501800592059083,0.510048219244972,0.4999969481490525,0.0,0.3437604907376324,,,,
0.5503326517532883,0.509704886013367,0.4999969481490525,0.0,0.3437604907376324,,,,
0.5505996887112032,0.5093997009186071,0.4999969481490525,0.0,0.3437604907376324,,,,
0.5509430219428082,0.5089800714133121,0.4999969481490525,0.0,0.3437604907376324,,,,
0.5512100589007232,0.5085985900448622,0.4999969481490525,0.0,0.3593859675893429,,,,
0.5514007995849481,0.5082171086764122,0.4999969481490525,0.0,0.3593859675893429,,,,
0.5517822809533983,0.5077593310342723,0.4999969481490525,0.0,0.3281350138859218,,,,
0.5520874660481583,0.5073778496658223,0.4999969481490525,0.0,0.3437604907376324,,,,
0.5522400585955383,0.5070726645710624,0.4999969481490525,0.0,0.3437604907376324,,,,
0.5526215399639882,0.5065385906552324,0.4999969481490525,0.0,0.3750114444410535,,,,
0.5529648731955932,0.5060808130130925,0.4999969481490525,0.0,0.3281350138859218,,,,
0.5530793176061282,0.5057756279183325,0.4999969481490525,0.0,0.3593859675893429,,,,
0.5533845027008881,0.5053178502761926,0.4999969481490525,0.0,0.3437604907376324,,,,
0.5538041322061831,0.5047837763603626,0.4999969481490525,0.0,0.3593859675893429,,,,
0.5539567247535631,0.5044785912656027,0.4999969481490525,0.0,0.3437604907376324,,,,
0.554261909848323,0.5040208136234627,0.4999969481490525,0.0,0.3437604907376324,,,,
0.554719687490463,0.5034867397076328,0.4999969481490525,0.0,0.3593859675893429,,,,
0.554834131900998,0.5031434064760278,0.4999969481490525,0.0,0.3281350138859218,,,,
0.5551011688589129,0.5027237769707327,0.4999969481490525,0.0,0.3437604907376324,,,,
0.5555207983642079,0.5021134067812127,0.4999969481490525,0.0,0.3593859675893429,,,,
0.5556733909115879,0.5017319254127628,0.4999969481490525,0.0,0.3281350138859218,,,,
0.5559022797326578,0.5014267403180028,0.4999969481490525,0.0,0.3593859675893429,,,,
0.5563600573747978,0.5008163701284829,0.4999969481490525,0.0,0.3593859675893429,,,,
0.5565889461958677,0.500396740623188,0.4999969481490525,0.0,0.3437604907376324,,,,
0.5567033906064027,0.500053407391583,0.4999969481490525,0.0,0.3593859675893429,,,,
0.5571230201116977,0.499481185338908,0.4999969481490525,0.0,0.3437604907376324,,,,
0.5575045014801476,0.498947111423078,0.4999969481490525,0.0,0.3593859675893429,,,,
0.5575807977538376,0.498603778191473,0.4999969481490525,0.0,0.3281350138859218,,,,
0.5580385753959778,0.4980315561387981,0.4999969481490525,0.0,0.3593859675893429,,,,
0.5583819086275827,0.4975356303598132,0.4999969481490525,0.0,0.3437604907376324,,,,
0.5584200567644277,0.4971922971282082,0.4999969481490525,0.0,0.3281350138859218,,,,
0.5588778344065677,0.4966200750755333,0.4999969481490525,0.0,0.3593859675893429,,,,
0.5593737601855526,0.4960097048860133,0.4999969481490525,0.0,0.3437604907376324,,,,
0.5594500564592426,0.4957045197912534,0.4999969481490525,0.0,0.3281350138859218,,,,
0.5597552415540026,0.4952085940122684,0.4999969481490525,0.0,0.3593859675893429,,,,
0.5602893154698325,0.4945219275490585,0.4999969481490525,0.0,0.3437604907376324,,,,
0.5605182042909025,0.4941785943174536,0.4999969481490525,0.0,0.3437604907376324,,,,
0.5607089449751275,0.4937589648121586,0.4999969481490525,0.0,0.3437604907376324,,,,
0.5612811670278024,0.4930722983489487,0.4999969481490525,0.0,0.3437604907376324,,,,
0.5615863521225624,0.4925763725699636,0.4999969481490525,0.0,0.3593859675893429,,,,
0.5618152409436323,0.4922330393383587,0.4999969481490525,0.0,0.3281350138859218,,,,
0.5623111667226173,0.4915845210119938,0.4999969481490525,0.0,0.3593859675893429,,,,
0.5626544999542222,0.4910504470961638,0.4999969481490525,0.0,0.3281350138859218,,,,
0.5628070925016022,0.4906689657277139,0.4999969481490525,0.0,0.3593859675893429,,,,
0.5633411664174321,0.490058595538194,0.4999969481490525,0.0,0.3593859675893429,,,,
0.5637607959227271,0.489524521622364,0.4999969481490525,0.0,0.3437604907376324,,,,
0.5639133884701071,0.4891811883907588,0.4999969481490525,0.0,0.3437604907376324,,,,
0.564371166112247,0.4886089663380839,0.4999969481490525,0.0,0.3281350138859218,,,,
0.564867091891232,0.487960448011719,0.4999969481490525,0.0,0.3593859675893429,,,,
0.564981536301767,0.487617114780114,0.4999969481490525,0.0,0.3437604907376324,,,,
0.5654774620807519,0.4870448927274391,0.4999969481490525,0.0,0.3437604907376324,,,,
0.5660115359965818,0.4863963744010742,0.4999969481490525,0.0,0.3437604907376324,,,,
0.5662022766808068,0.4860148930326242,0.4999969481490525,0.0,0.3593859675893429,,,,
0.5665074617755668,0.4854808191167943,0.4999969481490525,0.0,0.3437604907376324,,,,
0.5671559801019317,0.4847941526535844,0.4999969481490525,0.0,0.3437604907376324,,,,
0.5673848689230017,0.4842982268745994,0.4999969481490525,0.0,0.3593859675893429,,,,
0.5676137577440719,0.4838785973693045,0.4999969481490525,0.0,0.3437604907376324,,,,
0.5682241279335918,0.4831919309060944,0.4999969481490525,0.0,0.3593859675893429,,,,
0.5685674611651967,0.4826578569902645,0.4999969481490525,0.0,0.3281350138859218,,,,
0.5686437574388867,0.4822763756218146,0.4999969481490525,0.0,0.3593859675893429,,,,
0.5692541276284067,0.4815897091586046,0.4999969481490525,0.0,0.3593859675893429,,,,
0.5697119052705466,0.4809793389690847,0.4999969481490525,0.0,0.3281350138859218,,,,
0.5697500534073916,0.4806360057374798,0.4999969481490525,0.0,0.3593859675893429,,,,
0.5702841273232215,0.4799874874111148,0.4999969481490525,0.0,0.3281350138859218,,,,
0.5708182012390515,0.4793389690847498,0.4999969481490525,0.0,0.3593859675893429,,,,
0.5709326456495865,0.4789193395794549,0.4999969481490525,0.0,0.3437604907376324,,,,
0.5713522751548816,0.4783089693899349,0.4999969481490525,0.0,0.3437604907376324,,,,
0.5720007934812465,0.477622302926725,0.4999969481490525,0.0,0.3437604907376324,,,,
0.5721533860286265,0.4772026734214301,0.4999969481490525,0.0,0.3437604907376324,,,,
0.5724585711233865,0.4766304513687551,0.4999969481490525,0.0,0.3593859675893429,,,,
0.5731070894497514,0.4758674886318552,0.4999969481490525,0.0,0.3593859675893429,,,,
0.5733741264076664,0.4754097109897153,0.4999969481490525,0.0,0.4218878749961852,,,,
0.5739082003234963,0.4746086001159704,0.4999969481490525,0.0,0.4843897824030274,,,,
0.5745948667867062,0.4737311929685355,0.4999969481490525,0.0,0.4375133518478957,,,,
0.5752052369762262,0.4727393414105655,0.4999969481490525,0.0,0.5312356944486831,,,,
0.5757774590289011,0.4720526749473556,0.4999969481490525,0.0,0.3281350138859218,,,,
0.5760444959868161,0.4715948973052156,0.4999969481490525,0.0,0.3593859675893429,,,,
0.576349681081576,0.4709845271156957,0.4999969481490525,0.0,0.3437604907376324,,,,
0.5770363475447859,0.4702597125156408,0.4999969481490525,0.0,0.3437604907376324,,,,
0.5774178289132359,0.4697256385998107,0.4999969481490525,0.0,0.3593859675893429,,,,
0.5776467177343059,0.4691534165471358,0.4999969481490525,0.0,0.3281350138859218,,,,
0.5783333841975158,0.4684667500839259,0.4999969481490525,0.0,0.3593859675893429,,,,
0.5787911618396557,0.467818231757561,0.4999969481490525,0.0,0.3437604907376324,,,,
0.5790200506607257,0.467322305978576,0.4999969481490525,0.0,0.3437604907376324,,,,
0.5795922727134006,0.4666356395153661,0.4999969481490525,0.0,0.3437604907376324,,,,
0.5801644947660756,0.4659871211890012,0.4999969481490525,0.0,0.3437604907376324,,,,
0.5805078279976805,0.4654148991363263,0.4999969481490525,0.0,0.3593859675893429,,,,
0.5809274575029755,0.4647282326731163,0.4999969481490525,0.0,0.3437604907376324,,,,
0.5815759758293406,0.4640797143467514,0.4999969481490525,0.0,0.3437604907376324,,,,
0.5818811609241006,0.4635074922940763,0.4999969481490525,0.0,0.3437604907376324,,,,
0.5823007904293955,0.4627826776940213,0.4999969481490525,0.0,0.3593859675893429,,,,
0.5828730124820705,0.4621341593676564,0.4999969481490525,0.0,0.3437604907376324,,,,
0.5832163457136754,0.4615619373149815,0.4999969481490525,0.0,0.3437604907376324,,,,
0.5835978270821254,0.4608752708517716,0.4999969481490525,0.0,0.3437604907376324,,,,
0.5842081972716453,0.4601504562517167,0.4999969481490525,0.0,0.3437604907376324,,,,
0.5846278267769403,0.4595782341990416,0.4999969481490525,0.0,0.3437604907376324,,,,
0.5849330118717002,0.4587771233252967,0.4999969481490525,0.0,0.3593859675893429,,,,
0.5854289376506852,0.4580904568620868,0.4999969481490525,0.0,0.3437604907376324,,,,
0.5859248634296701,0.4575563829462569,0.4999969481490525,0.0,0.3437604907376324,,,,
0.586344492934965,0.456869716483047,0.4999969481490525,0.0,0.3437604907376324,,,,
0.58676412244026,0.456144901882992,0.4999969481490525,0.0,0.3437604907376324,,,,
0.5872600482192449,0.4555345316934721,0.4999969481490525,0.0,0.3593859675893429,,,,
0.5876415295876949,0.4548860133671072,0.4999969481490525,0.0,0.3281350138859218,,,,
0.5880993072298348,0.4541230506302073,0.4999969481490525,0.0,0.3593859675893429,,,,
0.5886715292825098,0.4535126804406872,0.4999969481490525,0.0,0.3437604907376324,,,,
0.5890530106509597,0.4528641621143223,0.4999969481490525,0.0,0.3593859675893429,,,,
0.5894726401562547,0.4520630512405774,0.4999969481490525,0.0,0.3437604907376324,,,,
0.5900067140720846,0.4514145329142125,0.4999969481490525,0.0,0.3593859675893429,,,,
0.5905407879879145,0.4507660145878476,0.4999969481490525,0.0,0.3437604907376324,,,,
0.5909604174932097,0.4500411999877924,0.4999969481490525,0.0,0.3281350138859218,,,,
0.5914944914090396,0.4493926816614275,0.4999969481490525,0.0,0.3593859675893429,,,,
0.5919904171880246,0.4487060151982176,0.4999969481490525,0.0,0.3437604907376324,,,,
0.5924481948301645,0.4480193487350077,0.4999969481490525,0.0,0.3593859675893429,,,,
0.5929059724723045,0.4472945341349528,0.4999969481490525,0.0,0.3281350138859218,,,,
0.5934781945249794,0.4467223120822778,0.4999969481490525,0.0,0.3593859675893429,,,,
0.5940122684408093,0.4459593493453779,0.4999969481490525,0.0,0.3281350138859218,,,,
0.5944318979461043,0.445234534745323,0.4999969481490525,0.0,0.3593859675893429,,,,
0.5949659718619342,0.4446623126926481,0.4999969481490525,0.0,0.3437604907376324,,,,
0.5955000457777642,0.4438993499557481,0.4999969481490525,0.0,0.3437604907376324,,,,
0.5959578234199041,0.4431745353556932,0.4999969481490525,0.0,0.3437604907376324,,,,
0.5965300454725793,0.4425260170293282,0.4999969481490525,0.0,0.3593859675893429,,,,
0.5971022675252542,0.4418012024292733,0.4999969481490525,0.0,0.3437604907376324,,,,
0.5975600451673941,0.4410763878292184,0.4999969481490525,0.0,0.3437604907376324,,,,
0.5980178228095341,0.4404660176396984,0.4999969481490525,0.0,0.3437604907376324,,,,
0.598666341135899,0.4397030549027985,0.4999969481490525,0.0,0.3593859675893429,,,,
0.599162266914884,0.4389019440290536,0.4999969481490525,0.0,0.3281350138859218,,,,
0.5995818964201789,0.4383297219763786,0.4999969481490525,0.0,0.3593859675893429,,,,
0.6001922666096988,0.4376430555131687,0.4999969481490525,0.0,0.3437604907376324,,,,
0.6007263405255288,0.4368037965025788,0.4999969481490525,0.0,0.3437604907376324,,,,
0.6011459700308237,0.4361552781762139,0.4999969481490525,0.0,0.3437604907376324,,,,
0.6017181920834986,0.435506759849849,0.4999969481490525,0.0,0.3437604907376324,,,,
0.6023285622730186,0.4346293527024141,0.4999969481490525,0.0,0.3437604907376324,,,,
0.6026718955046235,0.4339426862392042,0.4999969481490525,0.0,0.3437604907376324,,,,
0.6032441175572985,0.4333323160496841,0.4999969481490525,0.0,0.3593859675893429,,,,
0.6038926358836634,0.4325312051759392,0.4999969481490525,0.0,0.3437604907376324,,,,
0.6042359691152683,0.4317682424390393,0.4999969481490525,0.0,0.3593859675893429,,,,
0.6047318948942533,0.4311578722495193,0.4999969481490525,0.0,0.3281350138859218,,,,
0.6054948576311532,0.4303186132389294,0.4999969481490525,0.0,0.3593859675893429,,,,
0.6058381908627581,0.4294793542283395,0.4999969481490525,0.0,0.3437604907376324,,,,
0.6062959685048983,0.4288689840388195,0.4999969481490525,0.0,0.3437604907376324,,,,
0.6070207831049532,0.4281441694387646,0.4999969481490525,0.0,0.3437604907376324,,,,
0.6075167088839382,0.4273049104281747,0.4999969481490525,0.0,0.3593859675893429,,,,
0.6078600421155431,0.4266563921018098,0.4999969481490525,0.0,0.3437604907376324,,,,
0.608584856715598,0.4258171330912199,0.4999969481490525,0.0,0.3437604907376324,,,,
0.609157078768273,0.42505417035432,0.4999969481490525,0.0,0.3437604907376324,,,,
0.6095004119998779,0.4244056520279551,0.4999969481490525,0.0,0.3437604907376324,,,,
0.6101489303262428,0.4236808374278999,0.4999969481490525,0.0,0.3437604907376324,,,,
0.6108737449262978,0.4227652821436201,0.4999969481490525,0.0,0.3593859675893429,,,,
0.6111789300210577,0.4221167638172551,0.4999969481490525,0.0,0.3281350138859218,,,,
0.6117893002105776,0.4213919492172001,0.4999969481490525,0.0,0.3593859675893429,,,,
0.6125904110843226,0.4204763939329202,0.4999969481490525,0.0,0.3593859675893429,,,,
0.6129337443159275,0.4198278756065553,0.4999969481490525,0.0,0.3281350138859218,,,,
0.6134678182317574,0.4190649128696554,0.4999969481490525,0.0,0.3593859675893429,,,,
0.6142689291055023,0.4182638019959105,0.4999969481490525,0.0,0.3437604907376324,,,,
0.6147648548844873,0.4175008392590106,0.4999969481490525,0.0,0.3593859675893429,,,,
0.6151844843897822,0.4167378765221107,0.4999969481490525,0.0,0.3281350138859218,,,,
0.6159855952635271,0.4159367656483658,0.4999969481490525,0.0,0.3593859675893429,,,,
0.6165196691793573,0.4151738029114659,0.4999969481490525,0.0,0.3281350138859218,,,,
0.6168248542741173,0.4144871364482559,0.4999969481490525,0.0,0.3437604907376324,,,,
0.6176641132847072,0.4136097293008209,0.4999969481490525,0.0,0.3593859675893429,,,,
0.6183507797479171,0.412846766563921,0.4999969481490525,0.0,0.3437604907376324,,,,
0.618655964842677,0.4121601001007111,0.4999969481490525,0.0,0.3593859675893429,,,,
0.619304483169042,0.411320841090121,0.4999969481490525,0.0,0.3281350138859218,,,,
0.6201055940427869,0.4104815820795311,0.4999969481490525,0.0,0.3593859675893429,,,,
0.620448927274392,0.4097567674794762,0.4999969481490525,0.0,0.3437604907376324,,,,
0.621021149327067,0.4089556566057313,0.4999969481490525,0.0,0.3437604907376324,,,,
0.6218604083376569,0.4081163975951414,0.4999969481490525,0.0,0.3437604907376324,,,,
0.6222418897061068,0.4073915829950865,0.4999969481490525,0.0,0.3593859675893429,,,,
0.6227378154850918,0.4065904721213416,0.4999969481490525,0.0,0.3281350138859218,,,,
0.6235770744956817,0.4056749168370617,0.4999969481490525,0.0,0.4218878749961852,,,,
0.6241492965483566,0.4047975096896268,0.4999969481490525,0.0,0.4843897824030274,,,,
0.6250267036957915,0.4036149174474318,0.4999969481490525,0.0,0.4687643055513169,,,,
0.6260185552537614,0.402165288247322,-0.4999969481490524,0.0,0.5312356944486831,,,,
0.6265907773064363,0.401402325510422,-0.4999969481490524,0.0,0.3281350138859218,,,,
0.6272011474959562,0.4006393627735221,-0.4999969481490524,0.0,0.3437604907376324,,,,
0.6277733695486312,0.3998764000366221,-0.4999969481490524,0.0,0.3437604907376324,,,,
0.6282311471907711,0.3990752891628772,-0.4999969481490524,0.0,0.3593859675893429,,,,
0.628994109927671,0.3983123264259773,-0.4999969481490524,0.0,0.3437604907376324,,,,
0.629490035706656,0.3976256599627674,-0.4999969481490524,0.0,0.3437604907376324,,,,
0.6296807763908809,0.3968245490890225,-0.4999969481490524,0.0,0.3437604907376324,,,,
0.6304818872646261,0.3960234382152776,-0.4999969481490524,0.0,0.3593859675893429,,,,
0.631130405590991,0.3955275124362927,-0.4999969481490524,0.0,0.3437604907376324,,,,
0.631244850001526,0.3948026978362378,-0.4999969481490524,0.0,0.3437604907376324,,,,
0.6318552201910459,0.3939634388256477,-0.4999969481490524,0.0,0.3437604907376324,,,,
0.6325800347911008,0.3934675130466628,-0.4999969481490524,0.0,0.3593859675893429,,,,
0.6328089236121708,0.3927808465834529,-0.4999969481490524,0.0,0.3437604907376324,,,,
0.6332667012543107,0.3919415875728629,-0.4999969481490524,0.0,0.3437604907376324,,,,
0.6341059602649006,0.3914456617938779,-0.4999969481490524,0.0,0.3437604907376324,,,,
0.6344492934965056,0.390758995330668,-0.4999969481490524,0.0,0.3593859675893429,,,,
0.6347926267281105,0.3899197363200781,-0.4999969481490524,0.0,0.3437604907376324,,,,
0.6356700338755457,0.3895001068147832,-0.4999969481490524,0.0,0.3437604907376324,,,,
0.6361659596545306,0.3888897366252632,-0.4999969481490524,0.0,0.3281350138859218,,,,
0.6363948484756006,0.3879741813409834,-0.4999969481490524,0.0,0.3593859675893429,,,,
0.6371578112125005,0.3874782555619984,-0.4999969481490524,0.0,0.3281350138859218,,,,
0.6378826258125554,0.3870586260567035,-0.4999969481490524,0.0,0.3593859675893429,,,,
0.6381878109073154,0.3862193670461136,-0.4999969481490524,0.0,0.3437604907376324,,,,
0.6387600329599903,0.3856089968565936,-0.4999969481490524,0.0,0.3437604907376324,,,,
0.6394466994232002,0.3852656636249887,-0.4999969481490524,0.0,0.3593859675893429,,,,
0.6399426252021851,0.3845408490249336,-0.4999969481490524,0.0,0.3437604907376324,,,,
0.6404004028443251,0.3838923306985686,-0.4999969481490524,0.0,0.3437604907376324,,,,
0.64112521744438,0.3835871456038087,-0.4999969481490524,0.0,0.3437604907376324,,,,
0.6417355876338999,0.3829767754142887,-0.4999969481490524,0.0,0.3593859675893429,,,,
0.6420789208655049,0.3822519608142337,-0.4999969481490524,0.0,0.3437604907376324,,,,
0.6427655873287148,0.3820612201300087,-0.4999969481490524,0.0,0.3437604907376324,,,,
0.6434522537919247,0.3815271462141788,-0.4999969481490524,0.0,0.3437604907376324,,,,
0.6437955870235297,0.3807641834772789,-0.4999969481490524,0.0,0.3593859675893429,,,,
0.6442915128025146,0.3805352946562089,-0.4999969481490524,0.0,0.3281350138859218,,,,
0.6450544755394145,0.380153813287759,-0.4999969481490524,0.0,0.3593859675893429,,,,
0.6454359569078647,0.3794289986877041,-0.4999969481490524,0.0,0.3437604907376324,,,,
0.6458555864131597,0.3790856654560991,-0.4999969481490524,0.0,0.3437604907376324,,,,
0.6465804010132146,0.3788186284981841,-0.4999969481490524,0.0,0.3437604907376324,,,,
0.6470763267921995,0.3780938138981292,-0.4999969481490524,0.0,0.3593859675893429,,,,
0.6473052156132695,0.3776741843928343,-0.4999969481490524,0.0,0.3281350138859218,,,,
0.6479918820764794,0.3774452955717643,-0.4999969481490524,0.0,0.3593859675893429,,,,
0.6486022522659993,0.3768349253822444,-0.4999969481490524,0.0,0.3593859675893429,,,,
0.6487166966765343,0.3762627033295694,-0.4999969481490524,0.0,0.3281350138859218,,,,
0.6492126224555193,0.3761482589190345,-0.4999969481490524,0.0,0.3593859675893429,,,,
0.6499374370555744,0.3756141850032045,-0.4999969481490524,0.0,0.3281350138859218,,,,
0.6500137333292644,0.3750038148136845,-0.4999969481490524,0.0,0.3750114444410535,,,,
0.6503570665608693,0.3749275185399945,-0.4999969481490524,0.0,0.3437604907376324,,,,
0.6511200292977692,0.3745078890346995,-0.4999969481490524,0.0,0.3437604907376324,,,,
0.6513107699819942,0.3739356669820246,-0.4999969481490524,0.0,0.3437604907376324,,,,
0.6515015106662192,0.3738212225714896,-0.4999969481490524,0.0,0.3437604907376324,,,,
0.6522644734031191,0.3735160374767297,-0.4999969481490524,0.0,0.3437604907376324,,,,
0.6526078066347241,0.3729438154240547,-0.4999969481490524,0.0,0.3593859675893429,,,,
0.6526459547715691,0.3727149266029845,-0.4999969481490524,0.0,0.3281350138859218,,,,
0.653370769371624,0.3725241859187596,-0.4999969481490524,0.0,0.3593859675893429,,,,
0.6539429914242989,0.3720282601397746,-0.4999969481490524,0.0,0.3437604907376324,,,,
0.6540574358348339,0.3717230750450147,-0.4999969481490524,0.0,0.3437604907376324,,,,
0.6545915097506638,0.3715704824976347,-0.4999969481490524,0.0,0.3281350138859218,,,,
0.6553926206244087,0.3710745567186497,-0.4999969481490524,0.0,0.3593859675893429,,,,
0.6554307687612537,0.3707312234870448,-0.4999969481490524,0.0,0.3593859675893429,,,,
0.6558122501297037,0.3706549272133548,-0.4999969481490524,0.0,0.3281350138859218,,,,
0.6567659535508286,0.3701971495712148,-0.4999969481490524,0.0,0.3593859675893429,,,,
0.6568803979613635,0.3698919644764549,-0.4999969481490524,0.0,0.3437604907376324,,,,
0.6570711386455885,0.3697393719290749,-0.4999969481490524,0.0,0.3593859675893429,,,,
0.6579866939298684,0.3694341868343149,-0.4999969481490524,0.0,0.3281350138859218,,,,
0.6582537308877834,0.369052705465865,-0.4999969481490524,0.0,0.3593859675893429,,,,
0.6581774346140934,0.36901455732902,-0.4999969481490524,0.0,0.3437604907376324,,,,
0.6590548417615283,0.368747520371105,-0.4999969481490524,0.0,0.3437604907376324,,,,
0.6595507675405134,0.368442335276345,-0.4999969481490524,0.0,0.3437604907376324,,,,
0.6593981749931335,0.3683660390026551,-0.4999969481490524,0.0,0.3437604907376324,,,,
0.6600085451826534,0.3682134464552751,-0.4999969481490524,0.0,0.3437604907376324,,,,
0.6606952116458633,0.3678319650868251,-0.4999969481490524,0.0,0.3437604907376324,,,,
0.6605807672353283,0.3677556688131351,-0.4999969481490524,0.0,0.3593859675893429,,,,
0.6610003967406233,0.3676793725394451,-0.4999969481490524,0.0,0.3281350138859218,,,,
0.6618015076143682,0.3673360393078402,-0.4999969481490524,0.0,0.3593859675893429,,,,
0.6618015076143682,0.3672215948973052,-0.4999969481490524,0.0,0.3437604907376324,,,,
0.6620303964354382,0.3671071504867702,-0.4999969481490524,0.0,0.3593859675893429,,,,
0.662869655446028,0.3668782616657002,-0.4999969481490524,0.0,0.3437604907376324,,,,
0.663022247993408,0.3667638172551652,-0.4999969481490524,0.0,0.3437604907376324,,,,
0.663060396130253,0.3667256691183203,-0.4999969481490524,0.0,0.3437604907376324,,,,
0.6638615070039979,0.3664204840235603,-0.4999969481490524,0.0,0.3593859675893429,,,,
0.6641285439619129,0.3663060396130253,-0.4999969481490524,0.0,0.3281350138859218,,,,
0.6640140995513779,0.3663823358867153,-0.4999969481490524,0.0,0.3593859675893429,,,,
0.6647007660145878,0.3661534470656453,-0.4999969481490524,0.0,0.3437604907376324,,,,
0.6651966917935728,0.3660008545182653,-0.4999969481490524,0.0,0.3437604907376324,,,,
0.6650059511093478,0.3661152989288003,-0.4999969481490524,0.0,0.3593859675893429,,,,
0.6655018768883327,0.3659245582445753,-0.4999969481490524,0.0,0.3281350138859218,,,,
0.6661503952146977,0.3658482619708854,-0.4999969481490524,0.0,0.3593859675893429,,,,
0.6659596545304727,0.3659627063814203,-0.4999969481490524,0.0,0.3437604907376324,,,,
0.6662266914883876,0.3658482619708854,-0.4999969481490524,0.0,0.3593859675893429,,,,
0.6670278023621325,0.3657338175603504,-0.4999969481490524,0.0,0.3281350138859218,,,,
0.6669133579515976,0.3659245582445753,-0.4999969481490524,0.0,0.3593859675893429,,,,
0.6670278023621325,0.3658101138340404,-0.4999969481490524,0.0,0.3281350138859218,,,,
0.6679052095095674,0.3656193731498154,-0.4999969481490524,0.0,0.3750114444410535,,,,
0.6680578020569474,0.3658482619708854,-0.4999969481490524,0.0,0.3437604907376324,,,,
0.6679052095095674,0.3658101138340404,-0.4999969481490524,0.0,0.3281350138859218,,,,
0.6687063203833123,0.3655812250129704,-0.4999969481490524,0.0,0.3593859675893429,,,,
0.6690496536149173,0.3657338175603504,-0.4999969481490524,0.0,0.3593859675893429,,,,
0.6688970610675373,0.3658482619708854,-0.4999969481490524,0.0,0.3437604907376324,,,,
0.6695074312570575,0.3656575212866604,-0.4999969481490524,0.0,0.3437604907376324,,,,
0.6699652088991974,0.3656956694235054,-0.4999969481490524,0.0,0.3437604907376324,,,,
0.6698126163518174,0.3659245582445753,-0.4999969481490524,0.0,0.3437604907376324,,,,
0.6702322458571124,0.3657719656971954,-0.4999969481490524,0.0,0.3437604907376324,,,,
0.6708044679097873,0.3657719656971954,-0.4999969481490524,0.0,0.3437604907376324,,,,
0.6706900234992523,0.3660771507919553,-0.4999969481490524,0.0,0.3593859675893429,,,,
0.6708426160466323,0.3660008545182653,-0.4999969481490524,0.0,0.3281350138859218,,,,
0.6714911343729972,0.3659245582445753,-0.4999969481490524,0.0,0.3593859675893429,,,,
0.6714911343729972,0.3662678914761803,-0.4999969481490524,0.0,0.3437604907376324,,,,
0.6715292825098422,0.3663060396130253,-0.4999969481490524,0.0,0.3437604907376324,,,,
0.6721396526993622,0.3661915952024903,-0.4999969481490524,0.0,0.3437604907376324,,,,
0.6722540971098971,0.3665349284340953,-0.4999969481490524,0.0,0.3593859675893429,,,,
0.6722159489730521,0.3666875209814753,-0.4999969481490524,0.0,0.3593859675893429,,,,
0.6727118747520371,0.3665349284340953,-0.4999969481490524,0.0,0.3281350138859218,,,,
0.672978911709952,0.3668019653920102,-0.4999969481490524,0.0,0.3593859675893429,,,,
0.6729026154362621,0.3670308542130802,-0.4999969481490524,0.0,0.3281350138859218,,,,
0.673360393078402,0.3668401135288552,-0.4999969481490524,0.0,0.3437604907376324,,,,
0.673741874446852,0.3670308542130802,-0.4999969481490524,0.0,0.3593859675893429,,,,
0.673627430036317,0.3674123355815302,-0.4999969481490524,0.0,0.3281350138859218,,,,
0.6739326151310769,0.3672978911709952,-0.4999969481490524,0.0,0.3593859675893429,,,,
0.6743903927732169,0.3672978911709952,-0.4999969481490524,0.0,0.3437604907376324,,,,
0.6743522446363719,0.3677556688131351,-0.4999969481490524,0.0,0.3437604907376324,,,,
0.6745048371837521,0.3677175206762901,-0.4999969481490524,0.0,0.3437604907376324,,,,
0.674962614825892,0.3676412244026001,-0.4999969481490524,0.0,0.3437604907376324,,,,
0.675038911099582,0.3680608539078951,-0.4999969481490524,0.0,0.3593859675893429,,,,
0.675000762962737,0.3681752983184301,-0.4999969481490524,0.0,0.3437604907376324,,,,
0.675458540604877,0.3680990020447401,-0.4999969481490524,0.0,0.3437604907376324,,,,
0.675534836878567,0.368442335276345,-0.4999969481490524,0.0,0.3437604907376324,,,,
0.675458540604877,0.36870937223426,-0.4999969481490524,0.0,0.3593859675893429,,,,
0.6758781701101719,0.36855677968688,-0.4999969481490524,0.0,0.3437604907376324,,,,
0.6760689107943969,0.368900112918485,-0.4999969481490524,0.0,0.3437604907376324,,,,
0.6759544663838619,0.3692815942869349,-0.4999969481490524,0.0,0.3437604907376324,,,,
0.6762977996154669,0.369129001739555,-0.4999969481490524,0.0,0.3437604907376324,,,,
0.6766029847102268,0.3693578905606249,-0.4999969481490524,0.0,0.3593859675893429,,,,
0.6764503921628469,0.3697775200659199,-0.4999969481490524,0.0,0.3437604907376324,,,,
0.6766792809839168,0.3697393719290749,-0.4999969481490524,0.0,0.3437604907376324,,,,
0.6770607623523668,0.3697775200659199,-0.4999969481490524,0.0,0.3437604907376324,,,,
0.6769844660786768,0.3703497421185948,-0.4999969481490524,0.0,0.3593859675893429,,,,
0.6771752067629018,0.3703497421185948,-0.4999969481490524,0.0,0.3593859675893429,,,,
0.6775185399945067,0.3703497421185948,-0.4999969481490524,0.0,0.3437604907376324,,,,
0.6774040955839717,0.3708838160344248,-0.4999969481490524,0.0,0.3281350138859218,,,,
0.6774803918576617,0.3711508529923397,-0.4999969481490524,0.0,0.3593859675893429,,,,
0.6778618732261117,0.3709982604449597,-0.4999969481490524,0.0,0.3437604907376324,,,,
0.6778618732261117,0.3714941862239447,-0.4999969481490524,0.0,0.3437604907376324,,,,
0.6778618732261117,0.3718756675923946,-0.4999969481490524,0.0,0.3437604907376324,,,,
0.6781670583208717,0.3717230750450147,-0.4999969481490524,0.0,0.3593859675893429,,,,
0.6782052064577166,0.3721808526871546,-0.4999969481490524,0.0,0.3593859675893429,,,,
0.6781289101840267,0.3726767784661395,-0.4999969481490524,0.0,0.3281350138859218,,,,
0.6784722434156316,0.3725623340556045,-0.4999969481490524,0.0,0.3593859675893429,,,,
0.6786248359630116,0.3728675191503647,-0.4999969481490524,0.0,0.3281350138859218,,,,
0.6784340952787866,0.3734397412030397,-0.4999969481490524,0.0,0.3437604907376324,,,,
0.6787392803735466,0.3734778893398847,-0.4999969481490524,0.0,0.3593859675893429,,,,
0.6789300210577716,0.3736304818872646,-0.4999969481490524,0.0,0.3281350138859218,,,,
0.6787774285103916,0.3742790002136296,-0.4999969481490524,0.0,0.3437604907376324,,,,
0.6790063173314616,0.3744315927610095,-0.4999969481490524,0.0,0.3593859675893429,,,,
0.6792733542893765,0.3744697408978545,-0.4999969481490524,0.0,0.3437604907376324,,,,
0.6791207617419965,0.3750801110873745,-0.4999969481490524,0.0,0.3437604907376324,,,,
0.6792352061525315,0.3754234443189795,-0.4999969481490524,0.0,0.3437604907376324,,,,
0.6795403912472915,0.3754615924558245,-0.4999969481490524,0.0,0.3593859675893429,,,,
0.6793877986999115,0.3760338145084995,-0.4999969481490524,0.0,0.3437604907376324,,,,
0.6793877986999115,0.3764915921506394,-0.4999969481490524,0.0,0.3437604907376324,,,,
0.6797311319315165,0.3764915921506394,-0.4999969481490524,0.0,0.3593859675893429,,,,
0.6796929837946715,0.3769493697927794,-0.4999969481490524,0.0,0.3437604907376324,,,,
0.6795785393841365,0.3775215918454543,-0.4999969481490524,0.0,0.3593859675893429,,,,
0.6798837244788964,0.3775978881191443,-0.4999969481490524,0.0,0.3437604907376324,,,,
0.6798837244788964,0.3779412213507492,-0.4999969481490524,0.0,0.3281350138859218,,,,
0.6796929837946715,0.3785897396771142,-0.4999969481490524,0.0,0.3593859675893429,,,,
0.6799981688894314,0.3787423322244941,-0.4999969481490524,0.0,0.3437604907376324,,,,
0.6800744651631214,0.3789712210455641,-0.4999969481490524,0.0,0.3437604907376324,,,,
0.6798455763420514,0.379581591235084,-0.4999969481490524,0.0,0.3437604907376324,,,,
0.6800363170262764,0.379886776329844,-0.4999969481490524,0.0,0.3437604907376324,,,,
0.6801889095736564,0.380039368877224,-0.4999969481490524,0.0,0.3593859675893429,,,,
0.6799981688894314,0.3806497390667439,-0.4999969481490524,0.0,0.3437604907376324,,,,
0.6800363170262764,0.3810312204351939,-0.4999969481490524,0.0,0.3437604907376324,,,,
0.6803033539841914,0.3812219611194188,-0.4999969481490524,0.0,0.3437604907376324,,,,
0.6801507614368114,0.3817560350352488,-0.4999969481490524,0.0,0.3593859675893429,,,,
0.6801507614368114,0.3822138126773887,-0.4999969481490524,0.0,0.3437604907376324,,,,
0.6803415021210364,0.3824045533616137,-0.4999969481490524,0.0,0.3437604907376324,,,,
0.6802652058473464,0.3828241828669088,-0.4999969481490524,0.0,0.3437604907376324,,,,
0.6801126132999664,0.3833582567827387,-0.4999969481490524,0.0,0.3437604907376324,,,,
0.6804559465315714,0.3835871456038087,-0.4999969481490524,0.0,0.3593859675893429,,,,
0.6803415021210364,0.3839304788354136,-0.4999969481490524,0.0,0.3281350138859218,,,,
0.6801507614368114,0.3846171452986235,-0.4999969481490524,0.0,0.4843897824030274,,,,
0.6805322428052614,0.3849223303933835,-0.4999969481490524,0.0,0.4687643055513169,,,,
0.6802270577105014,0.3856852931302836,-0.4999969481490524,0.0,0.4062623981444746,,,,
0.6804559465315714,0.3861430707724236,-0.4999969481490524,0.0,0.5312356944486831,,,,
0.6803415021210364,0.3866389965514085,-0.4999969481490524,0.0,0.3437604907376324,,,,
0.6800744651631214,0.3872112186040835,-0.4999969481490524,0.0,0.3437604907376324,,,,
0.6803415021210364,0.3874782555619984,-0.4999969481490524,0.0,0.3593859675893429,,,,
0.6803415021210364,0.3878597369304484,-0.4999969481490524,0.0,0.3437604907376324,,,,
0.6799981688894314,0.3884701071199683,-0.4999969481490524,0.0,0.3437604907376324,,,,
0.6801126132999664,0.3887371440778833,-0.4999969481490524,0.0,0.3437604907376324,,,,
0.6803033539841914,0.3891186254463332,-0.4999969481490524,0.0,0.3593859675893429,,,,
0.6799218726157414,0.3897289956358531,-0.4999969481490524,0.0,0.3437604907376324,,,,
0.6798837244788964,0.3901104770043031,-0.4999969481490524,0.0,0.3437604907376324,,,,
0.6801507614368114,0.3904156620990631,-0.4999969481490524,0.0,0.3593859675893429,,,,
0.6798837244788964,0.391026032288583,-0.4999969481490524,0.0,0.3437604907376324,,,,
0.6796929837946715,0.3914838099307229,-0.4999969481490524,0.0,0.3437604907376324,,,,
0.6799218726157414,0.3917889950254829,-0.4999969481490524,0.0,0.3437604907376324,,,,
0.6797311319315165,0.3923612170781579,-0.4999969481490524,0.0,0.3593859675893429,,,,
0.6794640949736015,0.3928189947202979,-0.4999969481490524,0.0,0.3437604907376324,,,,
0.6796929837946715,0.3932386242255928,-0.4999969481490524,0.0,0.3437604907376324,,,,
0.6796166875209815,0.3936964018677328,-0.4999969481490524,0.0,0.3437604907376324,,,,
0.6793496505630665,0.3942686239204077,-0.4999969481490524,0.0,0.3437604907376324,,,,
0.6794259468367565,0.3945738090151677,-0.4999969481490524,0.0,0.3437604907376324,,,,
0.6794640949736015,0.3951460310678427,-0.4999969481490524,0.0,0.3593859675893429,,,,
0.6791207617419965,0.3957182531205176,-0.4999969481490524,0.0,0.3437604907376324,,,,
0.6791970580156865,0.3960615863521226,-0.4999969481490524,0.0,0.3437604907376324,,,,
0.6793115024262215,0.3965193639942626,-0.4999969481490524,0.0,0.3593859675893429,,,,
0.6790063173314616,0.3971297341837825,-0.4999969481490524,0.0,0.3593859675893429,,,,
0.6789300210577716,0.3975112155522324,-0.4999969481490524,0.0,0.3281350138859218,,,,
0.6791207617419965,0.3980071413312174,-0.4999969481490524,0.0,0.3593859675893429,,,,
0.6788537247840816,0.3985793633838923,-0.4999969481490524,0.0,0.3281350138859218,,,,
0.6786629840998566,0.3990371410260322,-0.4999969481490524,0.0,0.3593859675893429,,,,
0.6788918729209266,0.3994567705313272,-0.4999969481490524,0.0,0.3437604907376324,,,,
0.6787011322367016,0.4001052888576921,-0.4999969481490524,0.0,0.3281350138859218,,,,
0.6783959471419416,0.4006393627735221,-0.4999969481490524,0.0,0.3593859675893429,,,,
0.6785103915524766,0.400944547868282,-0.4999969481490524,0.0,0.3437604907376324,,,,
0.6784722434156316,0.4016312143314919,-0.4999969481490524,0.0,0.3593859675893429,,,,
0.6781289101840267,0.402241584521012,-0.4999969481490524,0.0,0.3281350138859218,,,,
0.6781289101840267,0.4025086214789269,-0.4999969481490524,0.0,0.3593859675893429,,,,
0.6781670583208717,0.4031571398052919,-0.4999969481490524,0.0,0.3281350138859218,,,,
0.6778237250892667,0.4037675099948118,-0.4999969481490524,0.0,0.3593859675893429,,,,
0.6777092806787317,0.4041489913632617,-0.4999969481490524,0.0,0.3593859675893429,,,,
0.6777855769524217,0.4047212134159368,-0.4999969481490524,0.0,0.3281350138859218,,,,
0.6775566881313517,0.4053697317423017,-0.4999969481490524,0.0,0.3593859675893429,,,,
0.6772896511734368,0.4058275093844417,-0.4999969481490524,0.0,0.3437604907376324,,,,
0.6773659474471267,0.4063615833002716,-0.4999969481490524,0.0,0.3593859675893429,,,,
0.6771752067629018,0.4070863979003265,-0.4999969481490524,0.0,0.3437604907376324,,,,
0.6769463179418318,0.4075060274056215,-0.4999969481490524,0.0,0.3437604907376324,,,,
0.6769463179418318,0.4079638050477614,-0.4999969481490524,0.0,0.3437604907376324,,,,
0.6768318735312968,0.4087267677846613,-0.4999969481490524,0.0,0.3437604907376324,,,,
0.6765266884365368,0.4091845454268012,-0.4999969481490524,0.0,0.3593859675893429,,,,
0.6764503921628469,0.4096423230689412,-0.4999969481490524,0.0,0.3437604907376324,,,,
0.6764503921628469,0.4103671376689961,-0.4999969481490524,0.0,0.3437604907376324,,,,
0.6760689107943969,0.410977507858516,-0.4999969481490524,0.0,0.3593859675893429,,,,
0.6759544663838619,0.411358989226966,-0.4999969481490524,0.0,0.3281350138859218,,,,
0.6759926145207069,0.4120838038270211,-0.4999969481490524,0.0,0.3593859675893429,,,,
0.675687429425947,0.412732322153386,-0.4999969481490524,0.0,0.3281350138859218,,,,
0.675458540604877,0.413151951658681,-0.4999969481490524,0.0,0.3593859675893429,,,,
0.675420392468032,0.4138004699850459,-0.4999969481490524,0.0,0.3437604907376324,,,,
0.675267799920652,0.4145252845851009,-0.4999969481490524,0.0,0.3593859675893429,,,,
0.675038911099582,0.4149830622272409,-0.4999969481490524,0.0,0.3281350138859218,,,,
0.674924466689047,0.4155552842799158,-0.4999969481490524,0.0,0.3593859675893429,,,,
0.674848170415357,0.4162800988799707,-0.4999969481490524,0.0,0.3437604907376324,,,,
0.6745048371837521,0.4168523209326457,-0.4999969481490524,0.0,0.3437604907376324,,,,
0.6743903927732169,0.4172719504379406,-0.4999969481490524,0.0,0.3593859675893429,,,,
0.6743140964995269,0.4180730613116855,-0.4999969481490524,0.0,0.3281350138859218,,,,
0.6740470595416119,0.4186071352275154,-0.4999969481490524,0.0,0.3593859675893429,,,,
0.673780022583697,0.4190649128696554,-0.4999969481490524,0.0,0.3437604907376324,,,,
0.673818170720542,0.4198278756065553,-0.4999969481490524,0.0,0.3437604907376324,,,,
0.673589281899472,0.4204382457960752,-0.4999969481490524,0.0,0.3437604907376324,,,,
0.673245948667867,0.4208960234382152,-0.4999969481490524,0.0,0.3593859675893429,,,,
0.673169652394177,0.4215445417645801,-0.4999969481490524,0.0,0.3281350138859218,,,,
0.673017059846797,0.4223075045014801,-0.4999969481490524,0.0,0.3593859675893429,,,,
0.6726737266151921,0.4227652821436201,-0.4999969481490524,0.0,0.3437604907376324,,,,
0.6725211340678121,0.42337565233314,-0.4999969481490524,0.0,0.3593859675893429,,,,
0.6724066896572771,0.4241767632068851,-0.4999969481490524,0.0,0.3437604907376324,,,,
0.6720633564256722,0.42474898525956,-0.4999969481490524,0.0,0.3437604907376324,,,,
0.6717963194677572,0.425321207312235,-0.4999969481490524,0.0,0.3437604907376324,,,,
0.6717581713309122,0.4260841700491349,-0.4999969481490524,0.0,0.3437604907376324,,,,
0.6714911343729972,0.4266563921018098,-0.4999969481490524,0.0,0.3437604907376324,,,,
0.6710715048677023,0.4271904660176397,-0.4999969481490524,0.0,0.3593859675893429,,,,
0.6710715048677023,0.4279152806176947,-0.4999969481490524,0.0,0.3281350138859218,,,,
0.6708807641834773,0.4285256508072146,-0.4999969481490524,0.0,0.3593859675893429,,,,
0.6704229865413374,0.4290978728598895,-0.4999969481490524,0.0,0.3437604907376324,,,,
0.6703848384044924,0.4297845393230994,-0.4999969481490524,0.0,0.3593859675893429,,,,
0.6703085421308024,0.4304712057863094,-0.4999969481490524,0.0,0.3437604907376324,,,,
0.6698126163518174,0.4310052797021393,-0.4999969481490524,0.0,0.3281350138859218,,,,
0.6696600238044375,0.4316537980285043,-0.4999969481490524,0.0,0.3750114444410535,,,,
0.6696218756675925,0.4323404644917142,-0.4999969481490524,0.0,0.3281350138859218,,,,
0.6691259498886073,0.4329126865443892,-0.4999969481490524,0.0,0.3437604907376324,,,,
0.6688589129306923,0.4335230567339091,-0.4999969481490524,0.0,0.3437604907376324,,,,
0.6688589129306923,0.4342860194708091,-0.4999969481490524,0.0,0.3593859675893429,,,,
0.6684392834253974,0.434934537797174,-0.4999969481490524,0.0,0.3593859675893429,,,,
0.6680196539201024,0.435506759849849,-0.4999969481490524,0.0,0.3281350138859218,,,,
0.6680196539201024,0.4361934263130589,-0.4999969481490524,0.0,0.3593859675893429,,,,
0.6676763206884975,0.4369563890499588,-0.4999969481490524,0.0,0.3281350138859218,,,,
0.6672185430463575,0.4376049073763237,-0.4999969481490524,0.0,0.3593859675893429,,,,
0.6671803949095125,0.4382534257026886,-0.4999969481490524,0.0,0.3437604907376324,,,,
0.6669896542252876,0.4389782403027435,-0.4999969481490524,0.0,0.3437604907376324,,,,
0.6664937284463026,0.4396649067659535,-0.4999969481490524,0.0,0.3437604907376324,,,,
0.6663792840357676,0.4403134250923184,-0.4999969481490524,0.0,0.3593859675893429,,,,
0.6662648396252326,0.4410000915555284,-0.4999969481490524,0.0,0.3593859675893429,,,,
0.6656926175725577,0.4416867580187383,-0.4999969481490524,0.0,0.3437604907376324,,,,
0.6655400250251777,0.4422208319345683,-0.4999969481490524,0.0,0.3281350138859218,,,,
0.6655781731620227,0.4430219428083132,-0.4999969481490524,0.0,0.3750114444410535,,,,
0.6650440992461928,0.4437467574083681,-0.4999969481490524,0.0,0.3281350138859218,,,,
0.6646626178777428,0.4443571275978881,-0.4999969481490524,0.0,0.3593859675893429,,,,
0.6647389141514328,0.445043794061098,-0.4999969481490524,0.0,0.3281350138859218,,,,
0.6642811365092929,0.4458449049348429,-0.4999969481490524,0.0,0.3593859675893429,,,,
0.6637852107303079,0.4464171269875179,-0.4999969481490524,0.0,0.3593859675893429,,,,
0.6637852107303079,0.4471037934507278,-0.4999969481490524,0.0,0.3281350138859218,,,,
0.663480025635548,0.4479430524613177,-0.4999969481490524,0.0,0.3437604907376324,,,,
0.662869655446028,0.4486297189245276,-0.4999969481490524,0.0,0.3437604907376324,,,,
0.662831507309183,0.4492019409772025,-0.4999969481490524,0.0,0.3593859675893429,,,,
0.6626026184881131,0.4500411999877924,-0.4999969481490524,0.0,0.3281350138859218,,,,
0.6620303964354382,0.4507660145878476,-0.4999969481490524,0.0,0.3593859675893429,,,,
0.6618396557512132,0.4513000885036775,-0.4999969481490524,0.0,0.3281350138859218,,,,
0.6617252113406782,0.4521774956511124,-0.4999969481490524,0.0,0.3593859675893429,,,,
0.6611529892880033,0.4529786065248573,-0.4999969481490524,0.0,0.3593859675893429,,,,
0.6607715079195533,0.4535126804406872,-0.4999969481490524,0.0,0.3281350138859218,,,,
0.6608096560563983,0.4542374950407423,-0.4999969481490524,0.0,0.3593859675893429,,,,
0.6602755821405684,0.4551149021881772,-0.4999969481490524,0.0,0.3593859675893429,,,,
0.6598178044984284,0.4557252723776971,-0.4999969481490524,0.0,0.3281350138859218,,,,
0.6597796563615834,0.456450086977752,-0.4999969481490524,0.0,0.3593859675893429,,,,
0.6593981749931335,0.4572893459883419,-0.4999969481490524,0.0,0.3281350138859218,,,,
0.6588641010773033,0.4579378643147068,-0.4999969481490524,0.0,0.3437604907376324,,,,
0.6587878048036133,0.4585482345042267,-0.4999969481490524,0.0,0.3593859675893429,,,,
0.6584826197088534,0.4595019379253516,-0.4999969481490524,0.0,0.3437604907376324,,,,
0.6579103976561784,0.4602267525254067,-0.4999969481490524,0.0,0.3437604907376324,,,,
0.6577578051087984,0.4607226783043916,-0.4999969481490524,0.0,0.3437604907376324,,,,
0.6575670644245735,0.4616763817255165,-0.4999969481490524,0.0,0.3593859675893429,,,,
0.6569185460982085,0.4625156407361064,-0.4999969481490524,0.0,0.3437604907376324,,,,
0.6566515091402936,0.4629734183782463,-0.4999969481490524,0.0,0.3437604907376324,,,,
0.6565370647297586,0.4638889736625264,-0.4999969481490524,0.0,0.3437604907376324,,,,
0.6559266945402387,0.4648045289468063,-0.4999969481490524,0.0,0.3593859675893429,,,,
0.6555833613086337,0.4653004547257913,-0.4999969481490524,0.0,0.3437604907376324,,,,
0.6554689168980987,0.4661015655995362,-0.4999969481490524,0.0,0.3593859675893429,,,,
0.6549729911191138,0.4670934171575061,-0.4999969481490524,0.0,0.3437604907376324,,,,
0.6545152134769738,0.467703787347026,-0.4999969481490524,0.0,0.3593859675893429,,,,
0.6543626209295939,0.4683523056733909,-0.4999969481490524,0.0,0.3437604907376324,,,,
0.6539429914242989,0.4693823053682058,-0.4999969481490524,0.0,0.3593859675893429,,,,
0.653447065645314,0.4700689718314158,-0.4999969481490524,0.0,0.3281350138859218,,,,
0.653294473097934,0.4706411938840907,-0.4999969481490524,0.0,0.3593859675893429,,,,
0.652951139866329,0.4715948973052156,-0.4999969481490524,0.0,0.3281350138859218,,,,
0.6524170659504991,0.4723960081789605,-0.4999969481490524,0.0,0.3593859675893429,,,,
0.6521500289925841,0.4728156376842555,-0.4999969481490524,0.0,0.3437604907376324,,,,
0.6518829920346692,0.4738456373790705,-0.4999969481490524,0.0,0.3437604907376324,,,,
0.6513107699819942,0.4747611926633504,-0.4999969481490524,0.0,0.3593859675893429,,,,
0.6509674367503893,0.4752571184423353,-0.4999969481490524,0.0,0.3281350138859218,,,,
0.6507385479293193,0.4761726737266152,-0.4999969481490524,0.0,0.3593859675893429,,,,
0.6502044740134894,0.4770882290108951,-0.4999969481490524,0.0,0.3437604907376324,,,,
0.6497466963713494,0.477698599200415,-0.4999969481490524,0.0,0.3593859675893429,,,,
0.6494415112765892,0.4784615619373149,-0.4999969481490524,0.0,0.3281350138859218,,,,
0.6490218817712943,0.4794534134952848,-0.4999969481490524,0.0,0.3593859675893429,,,,
0.6485259559923093,0.4800256355479598,-0.4999969481490524,0.0,0.3437604907376324,,,,
0.6483352153080844,0.4807504501480147,-0.4999969481490524,0.0,0.3593859675893429,,,,
0.6478774376659444,0.4818567461165196,-0.4999969481490524,0.0,0.3437604907376324,,,,
0.6473433637501145,0.4824671163060395,-0.4999969481490524,0.0,0.3437604907376324,,,,
0.6470000305185095,0.4830774864955595,-0.4999969481490524,0.0,0.3437604907376324,,,,
0.6466948454237496,0.4841074861903744,-0.4999969481490524,0.0,0.3437604907376324,,,,
0.6461607715079196,0.4848704489272744,-0.4999969481490524,0.0,0.3437604907376324,,,,
0.6458174382763147,0.4854045228431043,-0.4999969481490524,0.0,0.3437604907376324,,,,
0.6455122531815547,0.4863582262642292,-0.4999969481490524,0.0,0.3437604907376324,,,,
0.6450544755394145,0.4872356334116641,-0.4999969481490524,0.0,0.3437604907376324,,,,
0.6445966978972746,0.487846003601184,-0.4999969481490524,0.0,0.3593859675893429,,,,
0.6442915128025146,0.4886852626117739,-0.4999969481490524,0.0,0.3437604907376324,,,,
0.6439100314340647,0.489638966032899,-0.4999969481490524,0.0,0.3437604907376324,,,,
0.6434141056550797,0.4902493362224189,-0.4999969481490524,0.0,0.3437604907376324,,,,
0.6429944761497848,0.4910504470961638,-0.4999969481490524,0.0,0.3593859675893429,,,,
0.6426511429181798,0.4920422986541337,-0.4999969481490524,0.0,0.3593859675893429,,,,
0.6421170690023499,0.4926908169804986,-0.4999969481490524,0.0,0.3281350138859218,,,,
0.6416974394970549,0.4934537797173987,-0.4999969481490524,0.0,0.3593859675893429,,,,
0.641392254402295,0.4944837794122135,-0.4999969481490524,0.0,0.3437604907376324,,,,
0.64089632862331,0.4952467421491134,-0.4999969481490524,0.0,0.3593859675893429,,,,
0.6404385509811701,0.4959334086123234,-0.4999969481490524,0.0,0.3437604907376324,,,,
0.6400570696127201,0.4968871120334482,-0.4999969481490524,0.0,0.3437604907376324,,,,
0.6396755882442702,0.4976882229071931,-0.4999969481490524,0.0,0.3593859675893429,,,,
0.6391796624652852,0.4983748893704031,-0.4999969481490524,0.0,0.3281350138859218,,,,
0.6387981810968353,0.4992522965178381,-0.4999969481490524,0.0,0.3593859675893429,,,,
0.6384166997283853,0.500129703665273,-0.4999969481490524,0.0,0.3437604907376324,,,,
0.6378444776757104,0.5008545182653279,-0.4999969481490524,0.0,0.3281350138859218,,,,
0.6374629963072604,0.5016556291390728,-0.4999969481490524,0.0,0.3593859675893429,,,,
0.6371196630756555,0.5026093325601977,-0.4999969481490524,0.0,0.3437604907376324,,,,
0.6365855891598255,0.5033341471602528,-0.4999969481490524,0.0,0.3437604907376324,,,,
0.6360515152439956,0.5041352580339977,-0.4999969481490524,0.0,0.3437604907376324,,,,
0.6357463301492356,0.5050126651814326,-0.4999969481490524,0.0,0.3593859675893429,,,,
0.6351741080965605,0.5058900723288675,-0.4999969481490524,0.0,0.3437604907376324,,,,
0.6346781823175756,0.5066530350657674,-0.4999969481490524,0.0,0.3437604907376324,,,,
0.6343729972228156,0.5075304422132023,-0.4999969481490524,0.0,0.3437604907376324,,,,
0.6338389233069857,0.5084078493606372,-0.4999969481490524,0.0,0.3593859675893429,,,,
0.6332667012543107,0.5092471083712271,-0.4999969481490524,0.0,0.3437604907376324,,,,
0.6328852198858608,0.510048219244972,-0.4999969481490524,0.0,0.3437604907376324,,,,
0.6325037385174108,0.5109256263924069,-0.4999969481490524,0.0,0.3437604907376324,,,,
0.6318170720542009,0.5118030335398418,-0.4999969481490524,0.0,0.3437604907376324,,,,
0.6314737388225959,0.5125659962767417,-0.4999969481490524,0.0,0.3437604907376324,,,,
0.631130405590991,0.5134052552873318,-0.4999969481490524,0.0,0.3437604907376324,,,,
0.6304437391277811,0.5143208105716117,-0.4999969481490524,0.0,0.3437604907376324,,,,
0.6299859614856409,0.5151219214453566,-0.4999969481490524,0.0,0.3593859675893429,,,,
0.6296807763908809,0.5159611804559465,-0.4999969481490524,0.0,0.3593859675893429,,,,
0.629070406201361,0.5169148838770714,-0.4999969481490524,0.0,0.3281350138859218,,,,
0.6284600360118411,0.5176778466139713,-0.4999969481490524,0.0,0.3593859675893429,,,,
0.6282311471907711,0.5184789574877162,-0.4999969481490524,0.0,0.3281350138859218,,,,
0.6276589251380962,0.5194326609088413,-0.4999969481490524,0.0,0.3750114444410535,,,,
0.6270485549485763,0.5202337717825862,-0.4999969481490524,0.0,0.3281350138859218,,,,
0.6267815179906613,0.5210348826563311,-0.4999969481490524,0.0,0.3750114444410535,,,,
0.6260948515274514,0.522179326761681,-0.4999969481490524,0.0,0.4843897824030274,,,,
0.6253700369273965,0.5232856227301859,-0.4999969481490524,0.0,0.4687643055513169,,,,
0.6244926297799616,0.5249641407513657,-0.4999969481490524,0.0,0.5624866481521043,,,,
0.6239204077272866,0.5257652516251106,-0.4999969481490524,0.0,0.3281350138859218,,,,
0.6235770744956817,0.5265282143620105,-0.4999969481490524,0.0,0.3437604907376324,,,,
0.6231192968535417,0.5274437696462904,-0.4999969481490524,0.0,0.3593859675893429,,,,
0.6223563341166418,0.5284356212042602,-0.4999969481490524,0.0,0.3437604907376324,,,,
0.6220511490218819,0.5291222876674704,-0.4999969481490524,0.0,0.3437604907376324,,,,
0.6216696676534319,0.5299996948149053,-0.4999969481490524,0.0,0.3281350138859218,,,,
0.620944853053377,0.5309533982360302,-0.4999969481490524,0.0,0.3593859675893429,,,,
0.620487075411237,0.5317163609729301,-0.4999969481490524,0.0,0.3593859675893429,,,,
0.6200674459059419,0.53263191625721,-0.4999969481490524,0.0,0.3437604907376324,,,,
0.619380779442732,0.5335856196783348,-0.4999969481490524,0.0,0.3437604907376324,,,,
0.618923001800592,0.5343104342783898,-0.4999969481490524,0.0,0.3437604907376324,,,,
0.6185033722952971,0.5351496932889797,-0.4999969481490524,0.0,0.3593859675893429,,,,
0.6178548539689321,0.5362178411206395,-0.4999969481490524,0.0,0.3593859675893429,,,,
0.6172826319162572,0.5369808038575394,-0.4999969481490524,0.0,0.3281350138859218,,,,
0.6169392986846522,0.5377056184575943,-0.4999969481490524,0.0,0.3437604907376324,,,,
0.6162526322214423,0.5387356181524094,-0.4999969481490524,0.0,0.3437604907376324,,,,
0.6156422620319222,0.5396130252998443,-0.4999969481490524,0.0,0.3437604907376324,,,,
0.6152989288003172,0.5402996917630543,-0.4999969481490524,0.0,0.3437604907376324,,,,
0.6147267067476423,0.5413296914578691,-0.4999969481490524,0.0,0.3437604907376324,,,,
0.6140400402844324,0.5422452467421492,-0.4999969481490524,0.0,0.3437604907376324,,,,
0.6136204107791374,0.5429700613422042,-0.4999969481490524,0.0,0.3593859675893429,,,,
0.6130863368633075,0.543923764763329,-0.4999969481490524,0.0,0.3437604907376324,,,,
0.6123996704000976,0.5449537644581439,-0.4999969481490524,0.0,0.3437604907376324,,,,
0.6119800408948026,0.5456785790581988,-0.4999969481490524,0.0,0.3593859675893429,,,,
0.6114459669789727,0.5466322824793237,-0.4999969481490524,0.0,0.3437604907376324,,,,
0.6107593005157628,0.5476241340372936,-0.4999969481490524,0.0,0.3593859675893429,,,,
0.6102633747367778,0.5483870967741935,-0.4999969481490524,0.0,0.3281350138859218,,,,
0.6098055970946379,0.5492645039216284,-0.4999969481490524,0.0,0.3593859675893429,,,,
0.609118930631428,0.5502563554795983,-0.4999969481490524,0.0,0.3593859675893429,,,,
0.608546708578753,0.5510956144901882,-0.4999969481490524,0.0,0.3281350138859218,,,,
0.6080889309366131,0.5519348735007783,-0.4999969481490524,0.0,0.3593859675893429,,,,
0.6074785607470932,0.5528885769219032,-0.4999969481490524,0.0,0.3437604907376324,,,,
0.6068681905575732,0.5538041322061831,-0.4999969481490524,0.0,0.3437604907376324,,,,
0.6063722647785883,0.554528946806238,-0.4999969481490524,0.0,0.3437604907376324,,,,
0.6058381908627581,0.5555589465010529,-0.4999969481490524,0.0,0.3437604907376324,,,,
0.6052278206732382,0.5565126499221777,-0.4999969481490524,0.0,0.3593859675893429,,,,
0.6046555986205633,0.5572756126590777,-0.4999969481490524,0.0,0.3281350138859218,,,,
0.6041215247047333,0.5582293160802028,-0.4999969481490524,0.0,0.3593859675893429,,,,
0.6035111545152134,0.5592211676381726,-0.4999969481490524,0.0,0.3593859675893429,,,,
0.6029770805993835,0.5599841303750726,-0.4999969481490524,0.0,0.3281350138859218,,,,
0.6024811548203985,0.5608615375225074,-0.4999969481490524,0.0,0.3437604907376324,,,,
0.6018326364940336,0.5618915372173223,-0.4999969481490524,0.0,0.3593859675893429,,,,
0.6012604144413587,0.5627307962279122,-0.4999969481490524,0.0,0.3437604907376324,,,,
0.6007263405255288,0.5636082033753471,-0.4999969481490524,0.0,0.3593859675893429,,,,
0.6001159703360088,0.564561906796472,-0.4999969481490524,0.0,0.3281350138859218,,,,
0.5995056001464889,0.5654774620807519,-0.4999969481490524,0.0,0.3593859675893429,,,,
0.598933378093814,0.5662785729544968,-0.4999969481490524,0.0,0.3437604907376324,,,,
0.598361156041139,0.5672322763756217,-0.4999969481490524,0.0,0.3437604907376324,,,,
0.5978270821253091,0.5681478316599018,-0.4999969481490524,0.0,0.3437604907376324,,,,
0.5972167119357892,0.5690252388073367,-0.4999969481490524,0.0,0.3437604907376324,,,,
0.5966826380199592,0.5698644978179266,-0.4999969481490524,0.0,0.3437604907376324,,,,
0.5960722678304391,0.5708182012390515,-0.4999969481490524,0.0,0.3437604907376324,,,,
0.5954237495040742,0.5716956083864866,-0.4999969481490524,0.0,0.3437604907376324,,,,
0.5948896755882442,0.5726111636707665,-0.4999969481490524,0.0,0.3437604907376324,,,,
0.5942793053987243,0.5736030152287364,-0.4999969481490524,0.0,0.3593859675893429,,,,
0.5936307870723594,0.5745185705130162,-0.4999969481490524,0.0,0.3593859675893429,,,,
0.5930585650196845,0.5753578295236061,-0.4999969481490524,0.0,0.3281350138859218,,,,
0.5925244911038545,0.576273384807886,-0.4999969481490524,0.0,0.3437604907376324,,,,
0.5918378246406446,0.5772652363658559,-0.4999969481490524,0.0,0.3593859675893429,,,,
0.5911893063142797,0.5781807916501358,-0.4999969481490524,0.0,0.3437604907376324,,,,
0.5907315286721397,0.5789819025238807,-0.4999969481490524,0.0,0.3281350138859218,,,,
0.5900067140720846,0.5799356059450056,-0.4999969481490524,0.0,0.3593859675893429,,,,
0.5893963438825647,0.5809274575029755,-0.4999969481490524,0.0,0.3281350138859218,,,,
0.5888622699667347,0.5817667165135656,-0.4999969481490524,0.0,0.3593859675893429,,,,
0.5882518997772148,0.5826822717978455,-0.4999969481490524,0.0,0.3437604907376324,,,,
0.5875652333140049,0.5837122714926604,-0.4999969481490524,0.0,0.3437604907376324,,,,
0.587031159398175,0.5845133823664053,-0.4999969481490524,0.0,0.3437604907376324,,,,
0.586420789208655,0.5854289376506852,-0.4999969481490524,0.0,0.3593859675893429,,,,
0.5857341227454451,0.586497085482345,-0.4999969481490524,0.0,0.3437604907376324,,,,
0.5851237525559252,0.5873363444929349,-0.4999969481490524,0.0,0.3437604907376324,,,,
0.5846278267769403,0.5881374553666798,-0.4999969481490524,0.0,0.3437604907376324,,,,
0.5838267159031953,0.5892056031983397,-0.4999969481490524,0.0,0.3593859675893429,,,,
0.5832544938505204,0.5901211584826196,-0.4999969481490524,0.0,0.3437604907376324,,,,
0.5826822717978455,0.5909222693563647,-0.4999969481490524,0.0,0.3437604907376324,,,,
0.5819956053346356,0.5919904171880246,-0.4999969481490524,0.0,0.3437604907376324,,,,
0.5813089388714257,0.5929441206091495,-0.4999969481490524,0.0,0.3593859675893429,,,,
0.5807748649555955,0.5937452314828944,-0.4999969481490524,0.0,0.3437604907376324,,,,
0.5800881984923856,0.5947370830408643,-0.4999969481490524,0.0,0.3437604907376324,,,,
0.5794015320291757,0.5957289345988341,-0.4999969481490524,0.0,0.3437604907376324,,,,
0.5788674581133457,0.596491897335734,-0.4999969481490524,0.0,0.3437604907376324,,,,
0.5782570879238258,0.5974074526200142,-0.4999969481490524,0.0,0.3437604907376324,,,,
0.5774941251869259,0.598513748588519,-0.4999969481490524,0.0,0.3437604907376324,,,,
0.576921903134251,0.5993530075991089,-0.4999969481490524,0.0,0.4375133518478957,,,,
0.5760444959868161,0.6006500442518388,-0.4999969481490524,0.0,0.4687643055513169,,,,
0.5751289407025362,0.6019470809045686,-0.4999969481490524,0.0,0.4375133518478957,,,,
0.5740989410077213,0.6034348582415234,0.0,-0.4999969481490524,0.5312356944486831,,,,
0.5733741264076664,0.6044267097994933,0.0,-0.4999969481490524,0.3281350138859218,,,,
0.5727637562181465,0.6053804132206182,0.0,-0.4999969481490524,0.3593859675893429,,,,
0.5721915341654715,0.6062196722312081,0.0,-0.4999969481490524,0.3593859675893429,,,,
0.5715430158391066,0.6070589312417982,0.0,-0.4999969481490524,0.3437604907376324,,,,
0.5707800531022065,0.6083178197576831,0.0,-0.4999969481490524,0.3437604907376324,,,,
0.5702459791863765,0.609195226905118,0.0,-0.4999969481490524,0.3593859675893429,,,,
0.5698644978179266,0.6096911526841029,0.0,-0.4999969481490524,0.3437604907376324,,,,
0.5689489425336467,0.6111026337473677,0.0,-0.4999969481490524,0.3437604907376324,,,,
0.5684148686178168,0.6121707815790276,0.0,-0.4999969481490524,0.3593859675893429,,,,
0.5681859797967468,0.6125522629474776,0.0,-0.4999969481490524,0.3437604907376324,,,,
0.5673467207861567,0.6138111514633624,0.0,-0.4999969481490524,0.3593859675893429,,,,
0.5666600543229467,0.6151463362529372,0.0,-0.4999969481490524,0.3437604907376324,,,,
0.5665456099124118,0.6154515213476972,0.0,-0.4999969481490524,0.3437604907376324,,,,
0.5657826471755119,0.6164433729056673,0.0,-0.4999969481490524,0.3437604907376324,,,,
0.564981536301767,0.6179311502426221,0.0,-0.4999969481490524,0.3437604907376324,,,,
0.564867091891232,0.6183889278847621,0.0,-0.4999969481490524,0.3593859675893429,,,,
0.564142277291177,0.619151890621662,0.0,-0.4999969481490524,0.3437604907376324,,,,
0.5632648701437422,0.620715964232307,0.0,-0.4999969481490524,0.3437604907376324,,,,
0.5630359813226722,0.6214407788323619,0.0,-0.4999969481490524,0.3437604907376324,,,,
0.5624637592699973,0.6219748527481919,0.0,-0.4999969481490524,0.3593859675893429,,,,
0.5615863521225624,0.6233863338114567,0.0,-0.4999969481490524,0.3281350138859218,,,,
0.5612430188909574,0.6244544816431166,0.0,-0.4999969481490524,0.3593859675893429,,,,
0.5607089449751275,0.6247978148747215,0.0,-0.4999969481490524,0.3281350138859218,,,,
0.5598315378276926,0.6260185552537614,0.0,-0.4999969481490524,0.3593859675893429,,,,
0.5594500564592426,0.6273537400433362,0.0,-0.4999969481490524,0.3437604907376324,,,,
0.5590304269539477,0.6278496658223212,0.0,-0.4999969481490524,0.3437604907376324,,,,
0.5581530198065128,0.628765221106601,0.0,-0.4999969481490524,0.3437604907376324,,,,
0.5576570940275276,0.6301385540330211,0.0,-0.4999969481490524,0.3593859675893429,,,,
0.5573137607959227,0.630901516769921,0.0,-0.4999969481490524,0.3437604907376324,,,,
0.5564363536484878,0.6315881832331309,0.0,-0.4999969481490524,0.3593859675893429,,,,
0.5558259834589678,0.6329233680227058,0.0,-0.4999969481490524,0.3437604907376324,,,,
0.5554826502273629,0.6338770714438307,0.0,-0.4999969481490524,0.3281350138859218,,,,
0.554681539353618,0.6345255897701956,0.0,-0.4999969481490524,0.3750114444410535,,,,
0.554071169164098,0.6356700338755457,0.0,-0.4999969481490524,0.3437604907376324,,,,
0.5537278359324931,0.6368144779808955,0.0,-0.4999969481490524,0.3281350138859218,,,,
0.5529648731955932,0.6375011444441054,0.0,-0.4999969481490524,0.3593859675893429,,,,
0.5523545030060732,0.6384548478652303,0.0,-0.4999969481490524,0.3593859675893429,,,,
0.5520111697744683,0.6397900326548052,0.0,-0.4999969481490524,0.3437604907376324,,,,
0.5513245033112582,0.6405529953917051,0.0,-0.4999969481490524,0.3437604907376324,,,,
0.5506759849848932,0.64127780999176,0.0,-0.4999969481490524,0.3437604907376324,,,,
0.5503326517532883,0.6425748466444898,0.0,-0.4999969481490524,0.3437604907376324,,,,
0.5497222815637683,0.6436048463393047,0.0,-0.4999969481490524,0.3437604907376324,,,,
0.5491119113742484,0.6441389202551346,0.0,-0.4999969481490524,0.3593859675893429,,,,
0.5488448744163335,0.6453215124973295,0.0,-0.4999969481490524,0.3281350138859218,,,,
0.5483108005005035,0.6466185491500596,0.0,-0.4999969481490524,0.3593859675893429,,,,
0.5476622821741386,0.6471907712027345,0.0,-0.4999969481490524,0.3437604907376324,,,,
0.5473570970793786,0.6479918820764794,0.0,-0.4999969481490524,0.3437604907376324,,,,
0.5469756157109287,0.6495178075502792,0.0,-0.4999969481490524,0.3593859675893429,,,,
0.5462889492477188,0.6502044740134894,0.0,-0.4999969481490524,0.3437604907376324,,,,
0.5459837641529588,0.6507766960661643,0.0,-0.4999969481490524,0.3593859675893429,,,,
0.5456404309213538,0.6524170659504991,0.0,-0.4999969481490524,0.3437604907376324,,,,
0.5449537644581439,0.653294473097934,0.0,-0.4999969481490524,0.3593859675893429,,,,
0.544648579363384,0.6536378063295389,0.0,-0.4999969481490524,0.3281350138859218,,,,
0.544381542405469,0.6551637318033388,0.0,-0.4999969481490524,0.3593859675893429,,,,
0.5436185796685691,0.6564226203192236,0.0,-0.4999969481490524,0.3437604907376324,,,,
0.5432752464369641,0.6566515091402936,0.0,-0.4999969481490524,0.3593859675893429,,,,
0.5430082094790492,0.6578341013824884,0.0,-0.4999969481490524,0.3281350138859218,,,,
0.5423978392895292,0.6594363231299785,0.0,-0.4999969481490524,0.3593859675893429,,,,
0.5419782097842343,0.6596652119510484,0.4999969481490525,0.0,0.3437604907376324,,,,
0.5417111728263191,0.6607333597827083,0.4999969481490525,0.0,0.3593859675893429,,,,
0.5411770989104892,0.6618015076143682,0.4999969481490525,0.0,0.3281350138859218,,,,
0.5407574694051942,0.6627552110354931,0.4999969481490525,0.0,0.3437604907376324,,,,
0.5402615436262093,0.6640140995513779,0.4999969481490525,0.0,0.3593859675893429,,,,
0.5398037659840693,0.6646244697408978,0.4999969481490525,0.0,0.3437604907376324,,,,
0.5394222846156194,0.6652729880672628,0.4999969481490525,0.0,0.3437604907376324,,,,
0.5389645069734794,0.6666844691305276,0.4999969481490525,0.0,0.3437604907376324,,,,
0.5384304330576495,0.6674092837305825,0.4999969481490525,0.0,0.3593859675893429,,,,
0.5381252479628893,0.6677907650990325,0.4999969481490525,0.0,0.3437604907376324,,,,
0.5376293221839044,0.6692022461622975,0.4999969481490525,0.0,0.3437604907376324,,,,
0.5371715445417644,0.6701178014465774,0.4999969481490525,0.0,0.3437604907376324,,,,
0.5368663594470044,0.6703085421308024,0.4999969481490525,0.0,0.3437604907376324,,,,
0.5364467299417095,0.6715674306466872,0.4999969481490525,0.0,0.3593859675893429,,,,
0.5359508041627246,0.6727118747520371,0.4999969481490525,0.0,0.3437604907376324,,,,
0.5356837672048096,0.6729407635731071,0.4999969481490525,0.0,0.3437604907376324,,,,
0.5352259895626696,0.6738944669942319,0.4999969481490525,0.0,0.3437604907376324,,,,
0.5347682119205297,0.675267799920652,0.4999969481490525,0.0,0.3437604907376324,,,,
0.5344630268257697,0.675572985015412,0.4999969481490525,0.0,0.3437604907376324,,,,
0.5340433973204748,0.6762215033417769,0.4999969481490525,0.0,0.3437604907376324,,,,
0.5335474715414898,0.6776329844050417,0.4999969481490525,0.0,0.3437604907376324,,,,
0.5332422864467299,0.6781289101840267,0.4999969481490525,0.0,0.3593859675893429,,,,
0.5329371013519699,0.6784340952787866,0.4999969481490525,0.0,0.3437604907376324,,,,
0.532441175572985,0.6798455763420514,0.4999969481490525,0.0,0.3437604907376324,,,,
0.532135990478225,0.6805322428052614,0.4999969481490525,0.0,0.3437604907376324,,,,
0.5317545091097751,0.6805703909421064,0.4999969481490525,0.0,0.3593859675893429,,,,
0.5313730277413251,0.6817529831843012,0.4999969481490525,0.0,0.3437604907376324,,,,
0.5310296945097202,0.6826685384685811,0.4999969481490525,0.0,0.390636921292764,,,,
0.5306482131412702,0.6827829828791161,0.4999969481490525,0.0,0.4687643055513169,,,,
0.5300378429517503,0.6843089083529161,0.4999969481490525,0.0,0.4843897824030274,,,,
0.5295037690359203,0.6848429822687461,0.0,0.4999969481490525,0.5468611713003937,,,,
0.5289696951200904,0.685834833826716,0.0,0.4999969481490525,0.3437604907376324,,,,
0.5287408062990204,0.6864452040162359,0.0,0.4999969481490525,0.3437604907376324,,,,
0.5285119174779505,0.6873226111636708,0.0,0.4999969481490525,0.3437604907376324,,,,
0.5282448805200353,0.6874370555742058,0.0,0.4999969481490525,0.3593859675893429,,,,
0.5277108066042053,0.6878948332163457,0.0,0.4999969481490525,0.3437604907376324,,,,
0.5273293252357554,0.6893444624164555,0.0,0.4999969481490525,0.3437604907376324,,,,
0.5271385845515304,0.6894207586901455,0.0,0.4999969481490525,0.3281350138859218,,,,
0.5264900662251655,0.6894207586901455,0.0,0.4999969481490525,0.3750114444410535,,,,
0.5259941404461805,0.6909085360271003,0.0,0.4999969481490525,0.3281350138859218,,,,
0.5259941404461805,0.6913281655323953,0.0,0.4999969481490525,0.3437604907376324,,,,
0.5253074739829706,0.6910229804376353,0.0,0.4999969481490525,0.3437604907376324,,,,
0.5246208075197607,0.6922818689535202,0.0,0.4999969481490525,0.3593859675893429,,,,
0.5245826593829157,0.6931211279641101,0.0,0.4999969481490525,0.3437604907376324,,,,
0.5241630298776208,0.6926633503219701,0.0,0.4999969481490525,0.3437604907376324,,,,
0.5233237708670309,0.693464461195715,0.0,0.4999969481490525,0.3593859675893429,,,,
0.5232856227301859,0.6946470534379101,0.0,0.4999969481490525,0.3281350138859218,,,,
0.5230567339091159,0.6943418683431501,0.0,0.4999969481490525,0.3437604907376324,,,,
0.522217474898526,0.6946089053010651,0.0,0.4999969481490525,0.3593859675893429,,,,
0.522064882351146,0.695905941953795,0.0,0.4999969481490525,0.3437604907376324,,,,
0.522026734214301,0.695905941953795,0.0,0.4999969481490525,0.3437604907376324,,,,
0.5211874752037111,0.69579149754326,0.0,0.4999969481490525,0.3437604907376324,,,,
0.5208441419721062,0.6969359416486098,0.0,0.4999969481490525,0.3281350138859218,,,,
0.5209967345194861,0.6973937192907498,0.0,0.4999969481490525,0.3593859675893429,,,,
0.5203100680562762,0.6970122379222998,0.0,0.4999969481490525,0.3281350138859218,,,,
0.5196996978667563,0.6978514969328897,0.0,0.4999969481490525,0.3593859675893429,,,,
0.5198904385509813,0.6986526078066349,0.0,0.4999969481490525,0.3593859675893429,,,,
0.5193945127719963,0.6982711264381847,0.0,0.4999969481490525,0.3281350138859218,,,,
0.5185934018982512,0.6987289040803248,0.0,0.4999969481490525,0.3593859675893429,,,,
0.5187841425824764,0.6996826075014497,-0.4999969481490524,0.0,0.3593859675893429,,,,
0.5184789574877162,0.6994918668172248,-0.4999969481490524,0.0,0.3281350138859218,,,,
0.5179448835718863,0.6997970519119847,-0.4999969481490524,0.0,0.3593859675893429,,,,
0.5176015503402813,0.7002166814172797,-0.4999969481490524,0.0,0.3437604907376324,,,,
0.5172200689718314,0.7004837183751946,-0.4999969481490524,0.0,0.3281350138859218,,,,
0.5169530320139164,0.7009414960173346,-0.4999969481490524,0.0,0.3593859675893429,,,,
0.5166859950560014,0.7012085329752495,-0.4999969481490524,0.0,0.3281350138859218,,,,
0.5161519211401715,0.7014374217963195,-0.4999969481490524,0.0,0.3437604907376324,,,,
0.5158467360454115,0.7018951994384595,-0.4999969481490524,0.0,0.3437604907376324,,,,
0.5156178472243416,0.7023148289437544,-0.4999969481490524,0.0,0.3750114444410535,,,,
0.5150837733085116,0.7024674214911344,-0.4999969481490524,0.0,0.3437604907376324,,,,
0.5146641438032167,0.7029251991332743,-0.4999969481490524,0.0,0.3437604907376324,,,,
0.5143971068453017,0.7034974211859493,-0.4999969481490524,0.0,0.3437604907376324,,,,
0.5138630329294718,0.7036500137333292,-0.4999969481490524,0.0,0.3593859675893429,,,,
0.5134052552873318,0.7039933469649342,-0.4999969481490524,0.0,0.3437604907376324,,,,
0.5131000701925719,0.7045274208807641,-0.4999969481490524,0.0,0.3437604907376324,,,,
0.5126422925504319,0.7047563097018341,-0.4999969481490524,0.0,0.3437604907376324,,,,
0.5120319223609118,0.7049851985229041,-0.4999969481490524,0.0,0.3593859675893429,,,,
0.5117648854029968,0.705481124301889,-0.4999969481490524,0.0,0.3437604907376324,,,,
0.5112689596240119,0.705786309396649,-0.4999969481490524,0.0,0.3437604907376324,,,,
0.5106585894344919,0.705977050080874,-0.4999969481490524,0.0,0.3593859675893429,,,,
0.510391552476577,0.7064729758598589,-0.4999969481490524,0.0,0.3281350138859218,,,,
0.510048219244972,0.7068544572283089,-0.4999969481490524,0.0,0.3593859675893429,,,,
0.5094378490554521,0.7070451979125338,-0.4999969481490524,0.0,0.3281350138859218,,,,
0.5090945158238471,0.7074266792809838,-0.4999969481490524,0.0,0.3437604907376324,,,,
0.5087893307290872,0.7080370494705037,-0.2499984740745262,0.2499984740745262,0.3437604907376324,,,,
0.5082171086764122,0.7083040864284187,-0.2499984740745262,0.2499984740745262,0.3593859675893429,,,,
0.5077593310342723,0.7086092715231789,-0.2499984740745262,0.2499984740745262,0.3437604907376324,,,,
0.5074159978026673,0.7090289010284738,-0.2499984740745262,0.2499984740745262,0.3593859675893429,,,,
0.5069963682973724,0.7095248268074588,-0.2499984740745262,0.2499984740745262,0.3281350138859218,,,,
0.5066148869289224,0.7099444563127537,-0.2499984740745262,0.2499984740745262,0.3750114444410535,,,,
0.5060808130130925,0.7101733451338237,-0.2499984740745262,0.2499984740745262,0.3281350138859218,,,,
0.5057756279183325,0.7105548265022736,-0.2499984740745262,0.2499984740745262,0.3437604907376324,,,,
0.5054322946867276,0.7110507522812586,-0.2499984740745262,0.2499984740745262,0.3437604907376324,,,,
0.5049745170445876,0.7112796411023286,-0.2499984740745262,0.2499984740745262,0.3437604907376324,,,,
0.5045167394024477,0.7114703817865535,-0.2499984740745262,0.2499984740745262,0.3437604907376324,,,,
0.5041734061708427,0.7120044557023835,-0.2499984740745262,0.2499984740745262,0.3593859675893429,,,,
0.5037156285287028,0.7122333445234534,-0.2499984740745262,0.2499984740745262,0.3281350138859218,,,,
0.5032959990234078,0.7124240852076784,-0.2499984740745262,0.2499984740745262,0.3593859675893429,,,,
0.5029145176549579,0.7128818628498184,-0.2499984740745262,0.2499984740745262,0.3437604907376324,,,,
0.5024948881496627,0.7132251960814233,-0.2499984740745262,0.2499984740745262,0.3437604907376324,,,,
0.5020371105075228,0.7133777886288033,-0.2499984740745262,0.2499984740745262,0.3281350138859218,,,,
0.5016556291390728,0.7137974181340985,-0.2499984740745262,0.2499984740745262,0.3593859675893429,,,,
0.5012359996337779,0.7142551957762384,-0.2499984740745262,0.2499984740745262,0.3593859675893429,,,,
0.5007019257179479,0.7143696401867734,-0.2499984740745262,0.2499984740745262,0.3437604907376324,-1.3489894326475782,,-7.804434487505431,
0.500282296212653,0.7147511215552234,-0.2499984740745262,0.2499984740745262,0.3437604907376324,-1.3516722888769328,,-7.804434487505431,
0.499824518570513,0.7152470473342083,-0.2499984740745262,0.2499984740745262,0.3437604907376324,-1.3543551451062874,,-7.804434487505431,
0.4992904446546831,0.7153996398815883,-0.2499984740745262,0.2499984740745262,0.3593859675893429,-1.357159949346067,,-7.804434487505431,
0.498870815149388,0.7157048249763482,-0.2499984740745262,0.2499984740745262,0.3437604907376324,-1.3598428055754217,,-7.804434487505431,
0.4984511856440931,0.7162388988921782,-0.2499984740745262,0.2499984740745262,0.3281350138859218,-1.362403713794351,,-7.804434487505431,
0.4979171117282631,0.7164296395764032,-0.2499984740745262,0.2499984740745262,0.3437604907376324,-1.3650865700237056,,-7.804434487505431,
0.4974593340861232,0.7165822321237831,-0.2499984740745262,0.2499984740745262,0.3437604907376324,-1.3677694262530602,,-7.804434487505431,
0.4970015564439832,0.7171163060396131,-0.2499984740745262,0.2499984740745262,0.3437604907376324,-1.3704522824824148,,-7.804434487505431,
0.4965819269386883,0.717459639271218,-0.2499984740745262,0.2499984740745262,0.3437604907376324,-1.3731351387117694,,-7.804434487505431,
0.4960097048860133,0.717497787408063,-0.2499984740745262,0.2499984740745262,0.3437604907376324,-1.375817994941124,,-7.804434487505431,
0.4955900753807184,0.717955565050203,-0.2499984740745262,0.2499984740745262,0.3281350138859218,-1.3783789031600533,,-7.804434487505431,
0.4951704458754234,0.7183370464186529,-0.2499984740745262,0.2499984740745262,0.3593859675893429,-1.381183707399833,,-7.804434487505431,
0.4946745200964385,0.7184514908291879,-0.2499984740745262,0.2499984740745262,0.3437604907376324,-1.3838665636291876,,-7.804434487505431,
0.4941785943174536,0.7187566759239479,-0.2499984740745262,0.2499984740745262,0.3281350138859218,-1.3864274718481169,,-7.804434487505431,
0.4937208166753136,0.7192144535660878,-0.2499984740745262,0.2499984740745262,0.3437604907376324,-1.3891103280774715,,-7.804434487505431,
0.4932630390331737,0.7193288979766228,-0.2499984740745262,0.2499984740745262,0.3593859675893429,-1.3919151323172514,,-7.804434487505431,
0.4927671132541886,0.7195959349345378,-0.2499984740745262,0.2499984740745262,0.3593859675893429,-1.394719936557031,,-7.804434487505431,
0.4922711874752037,0.7200918607135227,-0.2499984740745262,0.2499984740745262,0.3437604907376324,-1.3974027927863857,,-7.804434487505431,
0.4918134098330637,0.7203207495345927,-0.2499984740745262,0.2499984740745262,0.3593859675893429,-1.4002075970261654,,-7.804434487505431,
0.4913174840540788,0.7205114902188177,-0.2499984740745262,0.2499984740745262,0.3593859675893429,-1.4030124012659453,,-7.804434487505431,
0.4907452620014039,0.7210837122714926,-0.2499984740745262,0.2499984740745262,0.3437604907376324,-1.4056952574952997,,-7.804434487505431,
0.4903637806329539,0.7213126010925626,-0.2499984740745262,0.2499984740745262,0.3437604907376324,-1.4083781137246543,,-7.804434487505431,
0.489829706717124,0.7214270455030976,-0.2499984740745262,0.2499984740745262,0.3437604907376324,-1.4110609699540089,,-7.804434487505431,
0.4892956328012938,0.7219229712820825,-0.2499984740745262,0.2499984740745262,0.3281350138859218,-1.4136218781729384,,-7.804434487505431,
0.4889141514328439,0.7223044526505324,-0.2499984740745262,0.2499984740745262,0.3437604907376324,-1.4163047344022928,,-7.804434487505431,
0.4884563737907039,0.7223426007873774,-0.2499984740745262,0.2499984740745262,0.3437604907376324,-1.4189875906316474,,-7.804434487505431,
0.487922299874874,0.7227240821558274,-0.2499984740745262,0.2499984740745262,0.3437604907376324,-1.421670446861002,,-7.804434487505431,
0.487464522232734,0.7231818597979673,-0.2499984740745262,0.2499984740745262,0.3437604907376324,-1.4243533030903566,0.8584537474482111,-7.804434487505431,-19.604422789511162
0.4870067445905941,0.7232963042085025,-0.2499984740745262,0.2499984740745262,0.3593859675893429,-1.4271581073301363,0.8514081929949721,-7.804434487505431,-19.604422789511162
0.4864726706747642,0.7235633411664175,-0.2499984740745262,0.2499984740745262,0.3437604907376324,-1.4298409635594909,0.8446689669962217,-7.804434487505431,-19.604422789511162
0.4860530411694692,0.7240592669454025,-0.2499984740745262,0.2499984740745262,0.3437604907376324,-1.4325238197888455,0.8379297409974713,-7.804434487505431,-19.604422789511162
0.4856334116641743,0.7241355632190924,-0.2499984740745262,0.2499984740745262,0.3437604907376324,-1.4352066760182,0.831190514998721,-7.804434487505431,-19.604422789511162
0.4850230414746543,0.7243644520401624,-0.2499984740745262,0.2499984740745262,0.3593859675893429,-1.4380114802579798,0.8241449605454819,-7.804434487505431,-19.604422789511162
0.4846034119693594,0.7248222296823024,-0.2499984740745262,0.2499984740745262,0.3437604907376324,-1.4406943364873344,0.8174057345467315,-7.804434487505431,-19.604422789511162
0.4841837824640644,0.7250129703665273,-0.2499984740745262,0.2499984740745262,0.3437604907376324,-1.443377192716689,0.8106665085479812,-7.804434487505431,-19.604422789511162
0.4836115604113895,0.7251274147770623,-0.2499984740745262,0.2499984740745262,0.3593859675893429,-1.4461819969564689,0.8036209540947421,-7.804434487505431,-19.604422789511162
0.4831156346324045,0.7256614886928923,-0.2499984740745262,0.2499984740745262,0.3437604907376324,-1.4488648531858233,0.7968817280959918,-7.804434487505431,-19.604422789511162
0.4827341532639545,0.7259285256508072,-0.2499984740745262,0.2499984740745262,0.3593859675893429,-1.4516696574256032,0.7898361736427527,-7.804434487505431,-19.604422789511162
0.4821237830744346,0.7259666737876522,-0.2499984740745262,0.2499984740745262,0.3437604907376324,-1.4543525136549578,0.7830969476440023,-7.804434487505431,-19.604422789511162
0.4815515610217596,0.7264625995666372,-0.2499984740745262,0.2499984740745262,0.3437604907376324,-1.4570353698843124,0.776357721645252,-7.804434487505431,-19.604422789511162
0.4811700796533097,0.7268059327982421,-0.2499984740745262,0.2499984740745262,0.3281350138859218,-1.4595962781032417,0.7699248241009902,-7.804434487505431,-19.604422789511162
0.4806741538743247,0.7267296365245521,-0.2499984740745262,0.2499984740745262,0.3593859675893429,-1.4624010823430214,0.7628792696477512,-7.804434487505431,-19.604422789511162
0.4800256355479598,0.7271874141666921,-0.2499984740745262,0.2499984740745262,0.3437604907376324,-1.465083938572376,0.7561400436490008,-7.804434487505431,-19.604422789511162
0.4795297097689748,0.727645191808832,-0.2499984740745262,0.2499984740745262,0.3281350138859218,-1.4676448467913055,0.7497071461047391,-7.804434487505431,-19.604422789511162
