index,x,y,Expected_x,Expected_y,Left_PWM,Right_PWM,dt,X_Velocity_m_s_,X_Accel_m_s2_,Y_Velocity_m_s_,Y_Accel_m_s2_
8583,0.35194996455527133,0.5638512983896932,0.3563112277596363,0.564752647480697,-0.0859065523239845,0.2625873592333749,0.8697317423017059,-1.1518492216221023,-7.927986184421171,-0.2511499717772035,-19.115242442043684
8584,0.3509704886013367,0.5636844996490371,0.3553193762016663,0.564561906796472,-0.098696859645375,0.2872280037842953,0.8621326334421826,-1.1586841972291706,-7.927986184421171,-0.2676298460826484,-19.115242442043684
8585,0.3499786370433668,0.5633411664174321,0.3543275246436964,0.564371166112247,-0.11675771355327,0.2640308847315897,0.8621326334421826,-1.1655191728362388,-7.927986184421171,-0.2841097203880933,-19.115242442043684
8586,0.348872341074862,0.5629215369121372,0.3533356730857265,0.564142277291177,-0.1436475722525713,0.2170659504989776,0.8697317423017059,-1.1724143940733593,-7.927986184421171,-0.3007348535017315,-19.115242442043684
8587,0.3479949339274271,0.5626926480910672,0.3523438215277565,0.5639133884701071,-0.1455610827967162,0.2507370220038454,0.8621326334421826,-1.1792493696804276,-7.927986184421171,-0.3172147278071764,-19.115242442043684
8588,0.3470793786431472,0.5625400555436872,0.3513519699697867,0.5636463515121921,-0.1299508651997436,0.2988433484908597,0.8621326334421826,-1.1860843452874958,-7.927986184421171,-0.3336946021126213,-19.115242442043684
8589,0.3460875270851773,0.5623493148594623,0.3503219702749718,0.5633793145542771,-0.1184698019348735,0.314218573564867,0.8621326334421826,-1.192919320894564,-7.927986184421171,-0.3501744764180662,-19.115242442043684
8590,0.3449049348429822,0.5618915372173223,0.3493301187170019,0.5631122775963622,-0.1213568529313028,0.2632587664418471,0.8621326334421826,-1.1997542965016323,-7.927986184421171,-0.3666543507235111,-19.115242442043684
8591,0.3438367870113223,0.5615863521225624,0.348300119022187,0.5628070925016022,-0.1081637012848292,0.2664815210425122,0.8621326334421826,-1.2065892721087006,-7.927986184421171,-0.38313422502895605,-19.115242442043684
8592,0.3428067873165074,0.5613193151646474,0.3472701193273722,0.5625019074068422,-0.0939298684652241,0.300320444349498,0.8621326334421826,-1.2134242477157688,-7.927986184421171,-0.39961409933440095,-19.115242442043684
8593,0.3417386394848475,0.5610522782067324,0.3462401196325573,0.5621585741752373,-0.0777825251014741,0.3063966795861692,0.8697317423017059,-1.2203194689528893,-7.927986184421171,-0.41623923244803906,-19.115242442043684
8594,0.3405941953794976,0.5605945005645925,0.3451719718008972,0.5618152409436323,-0.0843958861049227,0.2710135196996979,0.8621326334421826,-1.2271544445599576,-7.927986184421171,-0.43271910675348396,-19.115242442043684
8595,0.3394497512741478,0.5602130191961425,0.3441419721060823,0.5614719077120274,-0.0772118289742729,0.2581225012970367,0.8621326334421826,-1.2339894201670258,-7.927986184421171,-0.4491989810589289,-19.115242442043684
8596,0.3384578997161779,0.5599841303750726,0.3430738242744223,0.5610904263435774,-0.0500198370311595,0.3080080568865018,0.8697317423017059,-1.2408846414041463,-7.927986184421171,-0.4658241141725671,-19.115242442043684
8597,0.337313455610828,0.5596789452803126,0.3420056764427625,0.5607089449751275,0.4709921567430648,-0.1742637409588915,0.9612872707296976,,,,
8598,0.3360545670949431,0.5592211676381726,0.3408230842005676,0.5602511673329875,0.4720664082766197,-0.1883968626972259,0.9612872707296976,,,,
8599,0.3350627155369732,0.5588015381328777,0.3396404919583727,0.5597933896908476,0.4573290200506608,-0.143580431531724,0.968886379589221,,,,
8600,0.3341090121158483,0.5584582049012727,0.3384197515793329,0.5592974639118626,0.4400067140720847,-0.074190496536149,0.976577043977172,,,,
8601,0.3333079012421032,0.5580767235328228,0.337237159337138,0.5588015381328777,0.4110354930265207,-0.0020477919858392,0.968886379589221,,,,
8602,0.3323541978209783,0.5575426496169926,0.3360545670949431,0.5582674642170478,0.3804528946806238,0.0263527329325234,0.968886379589221,,,,
8603,0.3313241981261634,0.5569322794274727,0.3348719748527482,0.5577333903012176,0.3498367259743036,0.0194036683248388,0.9841761528366956,,,,
8604,0.3302941984313485,0.5563600573747978,0.3337275307473981,0.5571993163853877,0.3337900936918241,0.0169194616534928,0.976577043977172,,,,
8605,0.3291497543259987,0.5558259834589678,0.3325830866420483,0.5566270943327127,0.3612170781579027,0.0251777703176976,0.976577043977172,,,,
8606,0.3281197546311838,0.5554063539536729,0.3314767906735434,0.5560548722800378,0.3737388225959046,0.0532090212714011,0.976577043977172,,,,
8607,0.3270134586626789,0.5549104281746879,0.3303704947050385,0.5554445020905179,0.4012329477828305,0.0628772850733969,0.968886379589221,,,,
8608,0.3259834589678639,0.554376354258858,0.3292641987365337,0.554834131900998,0.4116733298745689,0.073955504013184,0.976577043977172,,,,
8609,0.3248390148625141,0.5536896877956481,0.3281579027680288,0.554223761711478,0.4151982177190465,0.0391094698934906,0.976577043977172,,,,
8610,0.3237708670308541,0.5528504287850582,0.3271279030732139,0.5535752433851131,0.3811243018890957,-0.011917477950377,0.9841761528366956,,,,
8611,0.3228171636097292,0.5519730216376233,0.3260979033783989,0.5529267250587482,0.3363414410840175,-0.0555925168614765,0.968886379589221,,,,
8612,0.3219397564622943,0.5512482070375682,0.325106051820429,0.5522400585955383,0.310727256080813,-0.047871333964049,1.014709921567431,,,,
8613,0.3209097567674794,0.5502182073427533,0.3238853114413891,0.5514389477217931,0.263930173650319,-0.0825830866420482,1.2664876247444077,,,,
8614,0.3201086458937345,0.5493408001953184,0.3225882747886592,0.5501419110690633,-0.1787957396160772,0.5665334025086215,1.1139103366191594,,,,
8615,0.3195364238410596,0.5486922818689535,0.3217871639149143,0.5499130222479933,-0.2901486251411481,0.4904965361491744,0.8392437513351847,,,,
8616,0.3187734611041597,0.5479674672688986,0.3209860530411694,0.5493026520584734,-0.2975341044343395,0.4755912961210973,0.8544877468184454,,,,
8617,0.3178579058198798,0.5470519119846187,0.3201849421674245,0.5486541337321085,-0.316971343119602,0.3935117648854032,0.8544877468184454,,,,
8618,0.3169423505355999,0.5463270973845638,0.3193838312936796,0.5479674672688986,-0.2929685354167303,0.3682332834864346,0.8544877468184454,,,,
8619,0.3159123508407849,0.5456785790581988,0.3185827204199347,0.5472808008056886,-0.233851130710776,0.3410077211828974,0.846842860194708,,,,
8620,0.3147297585985901,0.5449156163212989,0.3177816095461898,0.5466322824793237,-0.1911496322519608,0.2746391186254464,0.8697317423017059,,,,
8621,0.3137760551774651,0.544114505447554,0.3169804986724449,0.5459456160161138,-0.1765800958281197,0.2361339152195807,0.8544877468184454,,,,
8622,0.3128986480300302,0.5434278389843441,0.3161412396618549,0.5452589495529039,-0.1505966368602557,0.2426129947813349,0.8544877468184454,,,,
8623,0.3120593890194403,0.5427793206579792,0.31534012878811,0.544534134952849,-0.1278023621326335,0.2628559221167639,0.8621326334421826,,,,
8624,0.3112964262825404,0.5420545060579243,0.3145390179143651,0.5438093203527941,-0.1270638142033143,0.275746940519425,0.8544877468184454,,,,
8625,0.3105716116824855,0.5413296914578691,0.3136997589037751,0.5430082094790492,-0.1359599597155675,0.2953520310068056,0.8544877468184454,,,,
8626,0.3099612414929655,0.5405667287209692,0.3128986480300302,0.5423215430158392,-0.1638233588671529,0.3282845545823543,0.8544877468184454,,,,
8627,0.3093127231666006,0.5398037659840693,0.3120593890194403,0.5415585802789391,-0.1749351481673635,0.3600421155430768,0.8621326334421826,,,,
8628,0.3085497604297007,0.5391933957945494,0.3112201300088504,0.5407956175420392,-0.1550950651570177,0.3984801782280953,0.8544877468184454,,,,
8629,0.3078630939664908,0.5384304330576495,0.3103808709982605,0.5400326548051393,-0.1613391521958068,0.4198644978179267,0.8544877468184454,,,,
8630,0.3071001312295909,0.5376674703207494,0.3095416119876706,0.5392315439313944,-0.1582842493972595,0.4333597827082125,0.8621326334421826,,,,
8631,0.3062608722190008,0.5369045075838494,0.3087023529770807,0.5384685811944945,-0.1392834253975036,0.4411816766869105,0.8544877468184454,,,,
8632,0.3052690206610309,0.5362941373943295,0.3078630939664908,0.5376293221839044,-0.0858394116031373,0.4525620288705101,0.8621326334421826,,,,
8633,0.3042008728293709,0.5356074709311196,0.3069856868190559,0.5368282113101595,-0.0284005249183629,0.435239722891934,0.8544877468184454,,,,
8634,0.303132724997711,0.5346919156468397,0.3061464278084658,0.5360271004364145,-0.0200079348124637,0.3819971312601091,0.8621326334421826,,,,
8635,0.3021027253028961,0.5338145084994048,0.3052690206610309,0.5351878414258247,-0.0023163548692282,0.3495681630909146,0.8544877468184454,,,,
8636,0.3009582811975463,0.5331278420361949,0.3043534653767509,0.5343485824152348,0.0598559526352733,0.3430555131687369,0.8544877468184454,,,,
8637,0.2999282815027314,0.53240302743614,0.303476058229316,0.5335093234046449,0.0965483565782647,0.3489974669637135,0.8621326334421826,,,,
8638,0.2989745780816065,0.5314874721518601,0.3025986510818811,0.53263191625721,0.0826502273628957,0.3270088808862574,0.8697317423017059,,,,
8639,0.2980590227973266,0.5305719168675802,0.3017212439344462,0.5317926572466201,0.0632465590380564,0.3209997863704337,0.8544877468184454,,,,
8640,0.2972579119235817,0.5297326578569903,0.3008056886501663,0.5309152500991852,0.0435743278298288,0.3479232154301583,0.8773308511612293,,,,
8641,0.2964186529129917,0.5289315469832454,0.2998901333658864,0.5300378429517503,0.0398815881832332,0.3877376628925444,0.8621326334421826,,,,
8642,0.2955793939024018,0.5280541398358103,0.2989745780816065,0.5291604358043154,0.0285012359996337,0.3861262855922116,0.8544877468184454,,,,
8643,0.2945875423444317,0.5268715475936154,0.2980590227973266,0.5282448805200353,-0.0220892971587267,0.3193884090701009,0.8621326334421826,,,,
8644,0.2937101351969968,0.5259178441724905,0.2971053193762016,0.5273674733726004,-0.0429700613422041,0.3196234015930661,0.8621326334421826,,,,
8645,0.2926801355021819,0.5251548814355906,0.2961897640919217,0.5264519180883205,-0.0012085329752493,0.3385906552323987,0.8621326334421826,,,,
8646,0.2916501358073671,0.5242011780144658,0.2951979125339519,0.5255363628040406,0.005673390911588,0.3288216803491317,0.8621326334421826,,,,
8647,0.2905056917020172,0.5231330301828059,0.2942823572496718,0.5245826593829157,0.0006378368480484,0.2760155034028138,0.8697317423017059,,,,
8648,0.2893993957335123,0.522064882351146,0.2933286538285469,0.5236671040986358,-0.0088961455122531,0.2393902401806695,0.8621326334421826,,,,
8649,0.2883693960386975,0.5212637714774011,0.292336802270577,0.5227134006775109,0.0260505996887112,0.2623523667104097,0.8697317423017059,,,,
8650,0.2871105075228125,0.5201193273720512,0.2913830988494521,0.521759697256386,0.4822382274849697,-0.2731620227668081,0.968886379589221,,,,
8651,0.2857753227332377,0.5188604388561664,0.2903149510177922,0.5206915494247262,0.4711935789056063,-0.3311716055787835,0.968886379589221,,,,
8652,0.2847834711752677,0.5177541428876613,0.2892086550492874,0.5196234015930663,0.455214087343974,-0.2995483260597553,0.9612872707296976,,,,
8653,0.2838679158909878,0.5166478469191564,0.2881405072176275,0.5185171056245612,0.4192266609698782,-0.2605731376079593,0.968886379589221,,,,
8654,0.2831049531540879,0.5154652546769616,0.2870723593859675,0.5173726615192114,0.3527237769707327,-0.2216650898770105,0.976577043977172,,,,
8655,0.282456434827723,0.5143208105716117,0.2860042115543076,0.5163045136875515,0.2945799127170629,-0.1581835383159886,0.976577043977172,,,,
8656,0.281731620227668,0.5132908108767968,0.2849360637226478,0.5151982177190466,0.2714835047456283,-0.0900357066560868,0.976577043977172,,,,
8657,0.2808923612170781,0.5121082186346018,0.2839060640278328,0.5140537736136968,0.2389202551347393,-0.0675435651722771,0.9841761528366956,,,,
8658,0.2799386577959533,0.5109637745292519,0.2828760643330179,0.5129093295083469,0.2460371715445419,-0.0662343211157565,0.968886379589221,,,,
8659,0.2788705099642934,0.509743034150212,0.281846064638203,0.5117648854029968,0.2576189458906828,-0.0870815149388104,0.976577043977172,,,,
8660,0.2776497695852535,0.5086367381817072,0.2808542130802332,0.5106204412976469,0.3048188726462602,-0.1046723838007751,0.9841761528366956,,,,
8661,0.2764671773430586,0.5074922940763573,0.2798623615222633,0.5094378490554521,0.3491988891262552,-0.136497085482345,0.976577043977172,,,,
8662,0.2752845851008637,0.5062715536973175,0.2789086581011384,0.5082934049501022,-0.0284676656392102,-0.5740531632435073,1.0833765678884244,,,,
8663,0.2738349559007538,0.5049363689077426,0.2778405102694785,0.5069963682973724,0.0206793420209356,-0.6320963164159064,1.0910214545121617,,,,
8664,0.2727668080690939,0.5036774803918578,0.2768105105746635,0.5057756279183325,0.0185979796746726,-0.63129062776574,1.098620563371685,,,,
8665,0.271965697195349,0.5026474806970427,0.2757805108798487,0.5046311838129827,0.0160466322824792,-0.5576036866359447,1.0910214545121617,,,,
8666,0.2713553270058291,0.5016937772759178,0.2748268074587237,0.5035248878444778,-0.0085604419080171,-0.4704550309762872,1.0833765678884244,,,,
8667,0.2709356975005341,0.5007019257179479,0.2738349559007538,0.5024567400128177,-0.0754997405926696,-0.3884762108218634,1.098620563371685,,,,
8668,0.2705542161320842,0.499862666707358,0.2729194006164739,0.5014648884548478,-0.1112521744438002,-0.2823267311624501,1.0910214545121617,,,,
8669,0.2700201422162542,0.499137852107303,0.272003845332194,0.5005111850337229,-0.113837092196417,-0.2045777764213996,1.1139103366191594,,,,
8670,0.2688375499740594,0.4981460005493331,0.2709738456373791,0.499481185338908,-0.0687185277871029,-0.2532883693960387,1.380932035279397,,,,
8671,0.2678838465529345,0.4974974822229682,0.2696768089846493,0.4979934080019531,0.0352824488052003,0.7840693380535295,1.1139103366191594,,,,
8672,0.2673116245002593,0.4970778527176732,0.2690664387951293,0.4976882229071931,0.0085268715475936,0.7365672780541399,0.846842860194708,,,,
8673,0.2663960692159794,0.4965056306649983,0.2684560686056094,0.4970397045808282,-0.3795464949491867,0.2449629200109866,0.9612872707296976,,,,
8674,0.2655568102053895,0.4958571123386334,0.2677312540055543,0.4962767418439283,-0.345539719840083,0.219281594286935,0.976577043977172,,,,
8675,0.2645268105105746,0.4950941496017335,0.2670064394054994,0.4955900753807184,-0.3152256843775751,0.1433118686483352,0.9612872707296976,,,,
8676,0.2636112552262947,0.4946363719595935,0.2663197729422895,0.4949415570543535,-0.2600360118411816,0.1294473097933897,0.968886379589221,,,,
8677,0.2627338480788598,0.4941785943174536,0.2655949583422345,0.4942930387279886,-0.2184759056367687,0.1325022125919368,0.976577043977172,,,,
8678,0.2620090334788049,0.4938734092226936,0.2648701437421795,0.4937208166753136,-0.1748344370860928,0.1653675954466382,0.968886379589221,,,,
8679,0.2613986632892849,0.4934537797173987,0.2641453291421246,0.4931867427594837,-0.1833613086336863,0.1918881801812799,0.9612872707296976,,,,
8680,0.26082644123661,0.4930341502121036,0.2634205145420697,0.4926908169804986,-0.2169652394177068,0.2119632557145909,0.968886379589221,,,,
8681,0.2602542191839351,0.4925382244331187,0.2626956999420148,0.4921948912015137,-0.2597674489577929,0.2120975371562854,0.976577043977172,,,,
8682,0.2596819971312601,0.4920041505172887,0.2619327372051149,0.4917371135593738,-0.3109286782433546,0.1975951414532915,0.968886379589221,,,,
8683,0.2589953306680502,0.4915845210119938,0.26120792260506,0.4913556321909238,-0.3334879604480117,0.1773857844782862,0.968886379589221,,,,
8684,0.2581942197943053,0.4912411877803888,0.2604068117313151,0.4910122989593188,0.0838587603381451,-0.2530533768730735,1.075731681264687,,,,
8685,0.2572023682363353,0.4909360026856288,0.2596057008575702,0.4906308175908689,0.1092379528183844,-0.2772240363780632,1.0681325724051636,,,,
8686,0.2563249610889004,0.4906308175908689,0.2587664418469803,0.4903256324961089,0.1109500411999877,-0.3002197332682272,1.075731681264687,,,,
8687,0.2554857020783103,0.4902493362224189,0.2579271828363902,0.490020447401349,0.0767082735679189,-0.3297616504409923,1.0833765678884244,,,,
8688,0.2547227393414104,0.489906002990814,0.2571260719626453,0.489791558580279,0.0500869777520065,-0.3463789788506729,1.0833765678884244,,,,
8689,0.2539597766045105,0.489677114169744,0.2562868129520554,0.489562669759209,0.0296090578936123,-0.3580950346385083,1.0833765678884244,,,,
8690,0.2532349620044556,0.489600817896054,0.2554857020783103,0.489410077211829,0.0293069246498001,-0.3404370250556963,1.075731681264687,,,,
8691,0.2525864436780907,0.489524521622364,0.2546845912045654,0.4892956328012938,0.0174230170598468,-0.3084109012115849,1.0910214545121617,,,,
8692,0.2519379253517257,0.489486373485519,0.2539216284676655,0.4891811883907588,0.0095004119998778,-0.2919949949644459,1.0910214545121617,,,,
8693,0.2512512588885158,0.4893719290749838,0.2531586657307656,0.4891430402539138,-0.0217200231940672,-0.2995147556993317,1.0910214545121617,,,,
8694,0.2504501480147709,0.4892956328012938,0.2523957029938657,0.4891430402539138,0.2064577166051209,-0.1128971221045563,1.205465865047151,,,,
8695,0.249610889004181,0.4892956328012938,0.2515945921201208,0.4891430402539138,0.209277626880703,-0.1375713370159001,1.205465865047151,,,,
8696,0.2487334818567461,0.489410077211829,0.2507934812463759,0.4891048921170688,0.2458357493820002,-0.1376384777367473,1.205465865047151,,,,
8697,0.2478560747093111,0.489448225348674,0.250030518509476,0.4891048921170688,0.2681264687032685,-0.15623645741142,1.205465865047151,,,,
8698,0.2472075563829462,0.489486373485519,0.249305703909421,0.4891048921170688,0.2609759819330424,-0.1374370555742057,1.205465865047151,,,,
8699,0.2465971861934263,0.489524521622364,0.2485808893093661,0.4891048921170688,0.2470107119968261,-0.1262245551927243,1.205465865047151,,,,
8700,0.2461394085512863,0.489448225348674,0.2478942228461561,0.4891048921170688,0.1961851863155004,-0.1124607074190496,1.1978209784234135,,,,
8701,0.2456816309091463,0.4893719290749838,0.2472457045197912,0.4891048921170688,0.158720664082766,-0.1085665456099124,1.2130649739066743,,,,
8702,0.2451475569933163,0.489448225348674,0.2465971861934263,0.4891048921170688,0.1538529618213446,-0.0831202124088259,1.205465865047151,,,,
8703,0.2447660756248664,0.489410077211829,0.2459868160039063,0.4891048921170688,0.1229346598712117,-0.0790246284371471,1.205465865047151,,,,
8704,0.2442701498458814,0.4892956328012938,0.2453764458143863,0.4891048921170688,0.1069887386700032,-0.0899014252143926,1.2130649739066743,,,,
8705,0.2436979277932065,0.4891811883907588,0.2448042237617114,0.4891048921170688,0.0874843592638934,-0.1296487319559313,1.205465865047151,,,,
8706,0.2431257057405316,0.4891048921170688,0.2442320017090364,0.4891048921170688,0.0893642994476149,-0.1583849604785302,1.1978209784234135,,,,
8707,0.2426297799615466,0.4890667439802239,0.2437360759300515,0.4891048921170688,0.094701986754967,-0.1641926328318125,1.205465865047151,,,,
8708,0.2420957060457167,0.4890667439802239,0.2432020020142216,0.4891048921170688,0.1030274361400189,-0.170403149510178,1.205465865047151,,,,
8709,0.2417905209509567,0.4890667439802239,0.2427060762352366,0.4891048921170688,0.0981597338785973,-0.1583513901181066,1.205465865047151,,,,
8710,0.2415616321298868,0.4890667439802239,0.2422864467299417,0.4891048921170688,0.0761711478011415,-0.132670064394055,1.205465865047151,,,,
8711,0.2412945951719718,0.4891048921170688,0.2418286690878017,0.4891048921170688,0.0686849574266792,-0.1057802056947538,1.2130649739066743,,,,
8712,0.2410657063509018,0.4891430402539138,0.2414090395825068,0.4891048921170688,0.0716727195043793,-0.0778832361827448,1.205465865047151,,,,
8713,0.2407223731192969,0.4891430402539138,0.2410275582140568,0.4891048921170688,0.0790246284371471,-0.0840601825006868,1.2130649739066743,,,,
8714,0.2404171880245369,0.4891811883907588,0.2406460768456069,0.4891048921170688,0.0924192022461622,-0.080367442854091,1.2207098605304116,,,,
8715,0.2401120029297769,0.4892193365276038,0.2402645954771569,0.4891048921170688,0.1054780724509414,-0.0805688650166325,1.205465865047151,,,,
8716,0.239844965971862,0.4892574846644488,0.239959410382397,0.4891048921170688,0.1116214484084596,-0.0858394116031373,1.2511978514969329,,,,
8717,0.239539780877102,0.4892193365276038,0.239616077150792,0.4891048921170688,0.1119907223731193,-0.0962126529740288,1.4724875637073884,,,,
8718,0.239387188329722,0.4892956328012938,0.2390438550981171,0.4886852626117739,0.3934446241645559,0.2587267677846614,1.121509445478683,,,,
8719,0.239349040192877,0.4892193365276038,0.2389294106875821,0.4890667439802239,0.2928678243354594,0.1702688680684836,0.8392437513351847,,,,
8720,0.239234595782342,0.4892574846644488,0.2387768181402021,0.4890285958433789,0.3214697714163641,0.185476241340373,0.8544877468184454,,,,
8721,0.2391201513718071,0.4891811883907588,0.2386242255928221,0.4889522995696889,0.318314157536546,0.1679189428388319,0.8621326334421826,,,,
8722,0.2390438550981171,0.4889522995696889,0.238433484908597,0.4888760032959989,0.2954863124484999,0.14139835810419,0.8544877468184454,,,,
8723,0.2389294106875821,0.4887615588854639,0.238357188634907,0.4887615588854639,0.2814874721518601,0.1156163212988676,0.846842860194708,,,,
8724,0.2388149662770471,0.4885708182012389,0.2382045960875271,0.4886471144749289,0.2840388195440535,0.0989989928891874,0.8621326334421826,,,,
8725,0.2386623737296671,0.4884945219275489,0.2380901516769921,0.4884945219275489,0.3200598162785728,0.1043702505569628,0.8544877468184454,,,,
8726,0.2385479293191321,0.4883037812433239,0.2379757072664571,0.4883037812433239,0.328385265663625,0.0937955870235298,0.8544877468184454,,,,
8727,0.238433484908597,0.488036744285409,0.2378994109927671,0.488074892422254,0.3138492996002073,0.0729483932004759,0.8544877468184454,,,,
8728,0.238433484908597,0.487769707327494,0.2378231147190771,0.487884151738029,0.310559404278695,0.0693227942747276,0.8621326334421826,,,,
8729,0.238319040498062,0.487540818506424,0.2377468184453871,0.487655262916959,0.3218390453810238,0.0550889614551224,0.8544877468184454,,,,
8730,0.238242744224372,0.4872356334116641,0.2376705221716971,0.487426374095889,0.326303903317362,0.0452528458510086,0.8544877468184454,,,,
8731,0.238242744224372,0.4868541520432141,0.2375942258980071,0.4871211890011291,0.2970305490279854,0.024069948423719,0.8621326334421826,,,,
8732,0.238357188634907,0.4863582262642292,0.2375560777611621,0.4868541520432141,0.2468428601947081,0.0102725302896207,0.8621326334421826,,,,
8733,0.238357188634907,0.4860530411694692,0.2375179296243171,0.4865489669484542,0.2578539384136478,0.0182622760704367,0.846842860194708,,,,
8734,0.238433484908597,0.4856334116641743,0.2374797814874721,0.4862056337168492,0.2400952177495652,0.0267555772576066,0.8621326334421826,,,,
8735,0.238509781182287,0.4852519302957243,0.2374797814874721,0.4858623004852442,0.2291848506118963,0.0152073732718893,0.8544877468184454,,,,
8736,0.2386242255928221,0.4848323007904294,0.2374797814874721,0.4854808191167943,0.215622425000763,0.0221564378795739,0.8544877468184454,,,,
8737,0.2385860774559771,0.4844126712851344,0.2374797814874721,0.4850993377483443,0.2369396038697471,0.023734244819483,0.8544877468184454,,,,
8738,0.2385860774559771,0.4840693380535295,0.2374797814874721,0.4846797082430494,0.2602038636432995,0.0257148960844753,0.8621326334421826,,,,
8739,0.2385860774559771,0.4837641529587695,0.2375179296243171,0.4842600787377544,0.29464705343791,0.0318582720419935,0.8544877468184454,,,,
8740,0.2385479293191321,0.4832682271797844,0.2375560777611621,0.4838023010956145,0.3044831690420242,0.0127231666005431,0.8544877468184454,,,,
8741,0.2385860774559771,0.4827723014007995,0.2375942258980071,0.4833826715903195,0.3098544267097995,0.0081575975829339,0.8697317423017059,,,,
8742,0.2385479293191321,0.4823908200323495,0.2376323740348521,0.4829248939481795,0.3463118381298258,0.0108767967772454,0.8544877468184454,,,,
8743,0.2385479293191321,0.4819711905270546,0.2377086703085421,0.4824289681691945,0.3744102298043765,0.0147373882259591,0.8621326334421826,,,,
8744,0.2386242255928221,0.4813608203375347,0.2377849665822321,0.4819330423902096,0.3648091067232275,-6.714072084723632e-05,0.8621326334421826,,,,
8745,0.2387768181402021,0.4807504501480147,0.2378231147190771,0.4813608203375347,0.3427869502853482,-0.007754753257851,0.8697317423017059,,,,
8746,0.2390057069612721,0.4802926725058748,0.2379375591296121,0.4808648945585497,0.3310037537766654,0.0248420667134616,0.8621326334421826,,,,
8747,0.2391201513718071,0.4797967467268899,0.2380520035401471,0.4802926725058748,0.3511795403912474,0.0373302407910396,0.8544877468184454,,,,
8748,0.239272743919187,0.4791482284005248,0.2381664479506821,0.4797204504531999,0.34047059541612,0.0301797540208137,0.8697317423017059,,,,
8749,0.239539780877102,0.4785378582110049,0.238280892361217,0.4791482284005248,0.3138828699606311,0.0388744773705254,0.8621326334421826,,,,
8750,0.239883114108707,0.477927488021485,0.238395336771752,0.4785378582110049,0.2908200323496201,0.0694235053559984,0.8621326334421826,,,,
8751,0.2399975585192419,0.477317117831965,0.2385479293191321,0.47788933988464,0.3077059236426893,0.0664357432782982,0.8773308511612293,,,,
8752,0.2401882992034669,0.4765923032319101,0.2387005218665121,0.47727896969512,0.2921964171269875,0.0466292306283759,0.8621326334421826,,,,
8753,0.2403408917508469,0.4759437849055452,0.2388531144138921,0.4766304513687551,0.2974333933530686,0.0371288186284981,0.8544877468184454,,,,
8754,0.2405697805719169,0.4751808221686453,0.2390057069612721,0.4759819330423902,0.2821253089999085,0.023566393017365,0.8621326334421826,,,,
8755,0.2406842249824519,0.4744560075685904,0.239196447645497,0.4752571184423353,0.291994994964446,0.0053712576677755,0.8773308511612293,,,,
8756,0.2407605212561419,0.4737693411053805,0.239387188329722,0.4746086001159704,0.3112308114871669,-0.0108432264168218,0.8621326334421826,,,,
8757,0.2408749656666768,0.4730445265053254,0.239577929013947,0.4738837855159155,0.320294808801538,-0.0214178899502548,0.8621326334421826,,,,
8758,0.2411038544877468,0.4722052674947355,0.239768669698172,0.4731589709158604,0.3213354899746699,-0.0302468947416607,0.8697317423017059,,,,
8759,0.2414090395825068,0.4715948973052156,0.2399975585192419,0.4724341563158055,0.3292580950346384,-0.0085940122684409,0.8621326334421826,,,,
8760,0.2416379284035767,0.4708700827051607,0.2402264473403119,0.4717093417157506,0.3381878109073153,0.0049684133426923,0.8621326334421826,,,,
8761,0.2417905209509567,0.4701452681051058,0.2404553361613819,0.4709463789788507,0.356382946256905,-0.0055055391094698,0.8697317423017059,,,,
8762,0.2421720023194067,0.4693441572313608,0.2406842249824519,0.4701834162419508,0.3415448469496751,0.0096011230811487,0.8621326334421826,,,,
8763,0.2425534836878566,0.4686574907681509,0.2409512619403668,0.4693823053682058,0.3439283425397503,0.0471999267555773,0.8621326334421826,,,,
8764,0.2428968169194616,0.467856379894406,0.2412182988982818,0.4686193426313059,0.3383220923490095,0.0536454359569078,0.8621326334421826,,,,
8765,0.2431257057405316,0.4670171208838161,0.2414853358561968,0.467780083620716,0.3358378856776636,0.0385723441267127,0.8697317423017059,,,,
8766,0.2435071871089815,0.4661778618732262,0.2417523728141117,0.4669789727469711,0.3268745994445632,0.0432386242255928,0.8621326334421826,,,,
8767,0.2439268166142765,0.4653767509994813,0.2420194097720267,0.4661015655995362,0.3219397564622945,0.0676107058931241,0.8621326334421826,,,,
8768,0.2442320017090364,0.4646137882625814,0.2423245948667867,0.4653004547257913,0.3389934995574817,0.0839930417798395,0.8697317423017059,,,,
8769,0.2445371868037964,0.4636600848414562,0.2426297799615466,0.4644611957152014,0.3341593676564838,0.0621387371440778,0.8621326334421826,,,,
8770,0.2447660756248664,0.4627826776940213,0.2429349650563066,0.4635837885677663,0.3384899441511277,0.0384044923245947,0.8621326334421826,,,,
8771,0.2451475569933163,0.4619815668202764,0.2432782982879116,0.4627063814203314,0.3389934995574817,0.0606280709250159,0.8621326334421826,,,,
8772,0.2455671864986113,0.4609897152623066,0.2435834833826715,0.4618289742728965,-0.1104464857936339,0.4709250160222176,0.968886379589221,,,,
8773,0.2460249641407513,0.4598071230201116,0.2439268166142765,0.4608371227149266,-0.603628650776696,-0.011581774346141,1.075731681264687,,,,
8774,0.2463682973723563,0.4585863826410717,0.2443845942564164,0.4597689748832666,-0.6232337412640767,-0.0531418805505539,1.075731681264687,,,,
8775,0.2467116306039612,0.4575563829462569,0.2448042237617114,0.4587389751884517,-0.5945310831019013,-0.068382824182867,1.0910214545121617,,,,
8776,0.2469023712881862,0.456717123935667,0.2452620014038513,0.4577852717673268,-0.5238654744102299,-0.0708334604937894,1.0833765678884244,,,,
8777,0.2470549638355662,0.4558397167882321,0.2456434827723013,0.4569078646198919,-0.4730399487289041,-0.102188177129429,1.0910214545121617,,,,
8778,0.2471694082461012,0.4550767540513322,0.2460631122775963,0.4560304574724571,-0.4191595202490311,-0.120920438245796,1.0910214545121617,,,,
8779,0.2474364452040162,0.4543137913144323,0.2464827417828913,0.4552293465987121,-0.402676473281045,-0.1261238441114536,1.0910214545121617,,,,
8780,0.2477416302987761,0.4535126804406872,0.2468642231513412,0.4544663838618122,-0.4018707846308786,-0.1322000793481247,1.0833765678884244,,,,
8781,0.2480468153935361,0.4529786065248573,0.2472075563829462,0.4537797173986022,-0.3746452223273415,-0.1053773613696706,1.0910214545121617,,,,
8782,0.2484664448988311,0.4524445326090274,0.2475890377513961,0.4531311990722373,-0.3691061128574481,-0.0625751518295847,1.098620563371685,,,,
8783,0.2488860744041261,0.4520249031037324,0.2479323709830011,0.4525208288827174,-0.350205999938963,-0.0084261604663229,1.098620563371685,,,,
8784,0.249305703909421,0.4516815698721275,0.2481994079409161,0.4519486068300424,-0.3325479903561511,0.0445142979216894,1.0910214545121617,,,,
8785,0.249725333414716,0.4513763847773675,0.2485427411725211,0.4514526810510575,-0.3179784539323099,0.094601275673696,1.1062654499954223,,,,
8786,0.249954222235786,0.4511856440931425,0.2488097781304361,0.4509949034089175,-0.2733970152897733,0.1263252662739953,1.0910214545121617,,,,
8787,0.250106814783166,0.4510711996826075,0.2491149632251961,0.4505752739036226,-0.216193121127964,0.1512009033478805,1.1062654499954223,,,,
8788,0.250144962920011,0.4509567552720726,0.249382000183111,0.4501937925351724,-0.1569750053407391,0.1595599230933562,1.1062654499954223,,,,
8789,0.2502594073305459,0.4508423108615376,0.249610889004181,0.4498886074404125,-0.112427137058626,0.1796685689870907,1.098620563371685,,,,
8790,0.2502975554673909,0.4507660145878476,0.249839777825251,0.4495834223456525,-0.090606402783288,0.1683889278847621,1.1062654499954223,,,,
8791,0.2504501480147709,0.4506134220404676,0.250030518509476,0.4493545335245825,-0.0914792321543016,0.1622119815668203,1.098620563371685,,,,
8792,0.2505645924253059,0.4504989776299326,0.250221259193701,0.4491637928403575,-0.0968840601825007,0.1564714499343851,1.1139103366191594,,,,
8793,0.2507171849726859,0.4504608294930876,0.2504119998779259,0.4490112002929776,-0.1061494796594134,0.1581163975951414,1.1139103366191594,,,,
8794,0.2507934812463759,0.4504608294930876,0.2505645924253059,0.4488967558824426,-0.1022888882106998,0.1669118320261238,1.1062654499954223,,,,
8795,0.2509842219306009,0.4504989776299326,0.2506408886989959,0.4488204596087526,-0.1165227210303049,0.1773857844782862,1.1139103366191594,,,,
8796,0.2510223700674459,0.4504226813562426,0.2508316293832209,0.4487823114719076,-0.1412640766624958,0.1453932309945982,1.1062654499954223,,,,
8797,0.2510223700674459,0.4503463850825526,0.2509079256569109,0.4487823114719076,0.0521683400982695,0.330533768730735,1.2207098605304116,,,,
8798,0.2509842219306009,0.4502319406720174,0.2510223700674459,0.4487823114719076,0.0371623889889216,0.2935728019043551,1.2130649739066743,,,,
8799,0.2506408886989959,0.4501556443983274,0.2510605182042909,0.4487823114719076,0.2587603381450849,-0.0054383983886225,1.3198644978179266,,,,
8800,0.2506408886989959,0.4500030518509474,0.2511368144779808,0.4487823114719076,0.2044099246192816,-0.0390087588122196,1.3198644978179266,,,,
8801,0.2507171849726859,0.4498123111667225,0.2511749626148258,0.4487823114719076,0.1428083132419813,-0.0667714468825342,1.3122653889584033,,,,
8802,0.2509460737937559,0.4496215704824975,0.2512131107516708,0.4487823114719076,0.0760032959990235,-0.0561967833491012,1.3351084933011872,,,,
8803,0.2511749626148258,0.4494308297982725,0.2512131107516708,0.4487823114719076,-0.0052705465865046,-0.0626422925504319,1.327509384441664,,,,
8804,0.2513657032990508,0.4492019409772025,0.2512512588885158,0.4487823114719076,-0.0688863795892209,-0.0753990295113986,1.327509384441664,,,,
8805,0.2514801477095858,0.4490112002929776,0.2512512588885158,0.4487823114719076,-0.1150120548112431,-0.0846644489883114,1.3351084933011872,,,,
8806,0.2514801477095858,0.4488586077455976,0.2512512588885158,0.4487823114719076,-0.1271645252845851,-0.1015167699209571,1.327509384441664,,,,
8807,0.2513657032990508,0.4487823114719076,0.2512512588885158,0.4487823114719076,-0.1115543076876125,-0.1277352214117862,1.3198644978179266,,,,
8808,0.2511749626148258,0.4487823114719076,0.2512512588885158,0.4487823114719076,-0.076204718161565,-0.1386455885494552,1.327509384441664,,,,
8809,0.2510223700674459,0.4488967558824426,0.2512512588885158,0.4487823114719076,-0.0197729422894985,-0.1151463362529374,1.327509384441664,,,,
8810,0.2509842219306009,0.4490112002929776,0.2512512588885158,0.4487823114719076,0.0128238776818139,-0.0912442396313364,1.4495986816003903,,,,
8811,0.2510605182042909,0.4490874965666676,0.2512512588885158,0.4487823114719076,0.0108432264168216,-0.0547532578508866,1.4953764458143863,,,,
8812,0.2512131107516708,0.4492400891140475,0.2512512588885158,0.4483245338297676,-0.339295632801294,0.1049409466841639,1.1291543321024202,,,,
8813,0.2513275551622058,0.4493163853877375,0.2512512588885158,0.4487441633350626,-0.4245979186376538,0.0579424420911283,0.846842860194708,,,,
8814,0.2514419995727408,0.4492782372508925,0.2512512588885158,0.4487823114719076,-0.4570940275276955,0.0484084597308267,0.846842860194708,,,,
8815,0.2513657032990508,0.4493926816614275,0.2512512588885158,0.4488204596087526,-0.432151249732963,0.050389110995819,0.8621326334421826,,,,
8816,0.2513275551622058,0.4497741630298775,0.2512512588885158,0.4489349040192876,-0.3689046906949065,0.1005767998290965,0.8544877468184454,,,,
8817,0.2513275551622058,0.4498123111667225,0.2512512588885158,0.4490112002929776,-0.3830378124332407,0.0826502273628957,0.846842860194708,,,,
8818,0.2510986663411358,0.4498886074404125,0.2512131107516708,0.4491637928403575,-0.3706167790765099,0.0379345072786643,0.8544877468184454,,,,
8819,0.2509842219306009,0.4500793481246374,0.2512131107516708,0.4492782372508925,-0.3470503860591449,0.0353831598864711,0.8621326334421826,,,,
8820,0.2509079256569109,0.4504608294930876,0.2511749626148258,0.4494689779351175,-0.3050202948088015,0.0695913571581163,0.8544877468184454,-0.07809983649441263,-14.269965239758797,0.3364782105586533,12.444815489987155
8821,0.2507553331095309,0.4505752739036226,0.2511368144779808,0.4496215704824975,-0.3144871364482559,0.0455885494552446,0.8544877468184454,-0.09029334693931165,-14.269965239758797,0.3471121529062637,12.444815489987155
8822,0.2507171849726859,0.4507278664510026,0.2510605182042909,0.4498504593035675,-0.3373821222571489,0.0282998138370922,0.8697317423017059,-0.10270438866987186,-14.269965239758797,0.35793580396499347,12.444815489987155
8823,0.2506408886989959,0.4509949034089175,0.2509842219306009,0.4500793481246374,-0.3367778557695242,0.0465956602679524,0.8544877468184454,-0.11489789911477089,-14.269965239758797,0.3685697463126039,12.444815489987155
8824,0.2506408886989959,0.4514526810510575,0.2509460737937559,0.4503082369457074,-0.3145207068086795,0.0936613055818353,0.8544877468184454,-0.1270914095596699,-14.269965239758797,0.3792036886602143,12.444815489987155
8825,0.2506408886989959,0.4517578661458175,0.2508316293832209,0.4505752739036226,-0.324054689168981,0.1100436414685508,0.8544877468184454,-0.13928492000456894,-14.269965239758797,0.3898376310078247,12.444815489987155
8826,0.2506408886989959,0.4519486068300424,0.2507553331095309,0.4508423108615376,-0.35661793877987,0.0943998535111545,0.8544877468184454,-0.15147843044946796,-14.269965239758797,0.40047157335543515,12.444815489987155
8827,0.2506027405621509,0.4522919400616474,0.2506408886989959,0.4511474959562975,-0.3594378490554522,0.1102786339915158,0.8621326334421826,-0.16378103316074963,-14.269965239758797,0.4112006549065198,12.444815489987155
8828,0.2505645924253059,0.4527497177037873,0.2505264442884609,0.4514526810510575,-0.3483260597552415,0.1427747428815577,0.846842860194708,-0.175865451339266,-14.269965239758797,0.42173945805065594,12.444815489987155
8829,0.2503357036042359,0.4532074953459273,0.2504119998779259,0.4517960142826625,-0.3159306619464705,0.1465346232490005,0.8697317423017059,-0.18827649306982622,-14.269965239758797,0.4325631091093857,12.444815489987155
8830,0.250106814783166,0.4535126804406872,0.2502975554673909,0.4521393475142674,-0.3148899807733392,0.1172612689596241,0.846842860194708,-0.20036091124834263,-14.269965239758797,0.44310191225352186,12.444815489987155
8831,0.249839777825251,0.4538941618091372,0.250144962920011,0.4525208288827174,-0.2945127719962156,0.098696859645375,0.8621326334421826,-0.2126635139596243,-14.269965239758797,0.45383099380460656,12.444815489987155
8832,0.249572740867336,0.4543900875881222,0.249992370372631,0.4529023102511673,-0.2773918881801812,0.0933256019775994,0.8621326334421826,-0.22496611667090596,-14.269965239758797,0.4645600753556912,12.444815489987155
